{
 "ResultFormatVersion": "0.1",
 "RunnerConfig": {
  "DBName": "benchmark_small",
  "Limit": 0,
  "LimitRPS": 0,
  "MemProfile": "",
  "HDRLatenciesFile": "",
  "Workers": 12,
  "PrintResponses": false,
  "Debug": 0,
  "FileName": "",
  "BurnIn": 0,
  "PrintInterval": 100,
  "PrewarmQueries": true,
  "ResultsFile": "/opt/cluster_performance/query_5_nodes/single_query/timescaledb/small/timescaledb-queries-avg-daily-driving-session-small-1-queries.json"
 },
 "StartTime": 1646316214000,
 "EndTime": 1646316217000,
 "DurationMillis": 2497,
 "Totals": {
  "burnIn": 0,
  "limit": 0,
  "overallQuantiles": {
   "TimescaleDB_average_driver_driving_session_without_stopping_per_day": {
    "q0": 0,
    "q100": 1229.887,
    "q50": 1201.151,
    "q95": 1229.887,
    "q99": 1229.887,
    "q999": 1229.887
   },
   "all_queries": {
    "q0": 0,
    "q100": 1229.887,
    "q50": 1201.151,
    "q95": 1229.887,
    "q99": 1229.887,
    "q999": 1229.887
   },
   "cold_queries": {
    "q0": 0,
    "q100": 1201.151,
    "q50": 1201.151,
    "q95": 1201.151,
    "q99": 1201.151,
    "q999": 1201.151
   },
   "warm_queries": {
    "q0": 0,
    "q100": 1229.887,
    "q50": 1229.887,
    "q95": 1229.887,
    "q99": 1229.887,
    "q999": 1229.887
   }
  },
  "overallQueryRates": {
   "TimescaleDB_average_driver_driving_session_without_stopping_per_day": 0.8018375872354192,
   "all_queries": 0.8018375872354192,
   "cold_queries": 0.4009187936177096,
   "warm_queries": 0.4009187936177096
  },
  "prewarmQueries": true
 }
}