{
 "ResultFormatVersion": "0.1",
 "RunnerConfig": {
  "DBName": "benchmark_small",
  "Limit": 0,
  "LimitRPS": 0,
  "MemProfile": "",
  "HDRLatenciesFile": "",
  "Workers": 12,
  "PrintResponses": false,
  "Debug": 0,
  "FileName": "",
  "BurnIn": 0,
  "PrintInterval": 100,
  "PrewarmQueries": true,
  "ResultsFile": "/opt/cluster_performance/query_5_nodes/single_query/timescaledb/small/timescaledb-queries-low-fuel-small-1-queries.json"
 },
 "StartTime": 1646316800000,
 "EndTime": 1646317087000,
 "DurationMillis": 287674,
 "Totals": {
  "burnIn": 0,
  "limit": 0,
  "overallQuantiles": {
   "TimescaleDB_trucks_with_low_fuel": {
    "q0": 0,
    "q100": 148201.471,
    "q50": 139354.111,
    "q95": 148201.471,
    "q99": 148201.471,
    "q999": 148201.471
   },
   "all_queries": {
    "q0": 0,
    "q100": 148201.471,
    "q50": 139354.111,
    "q95": 148201.471,
    "q99": 148201.471,
    "q999": 148201.471
   },
   "cold_queries": {
    "q0": 0,
    "q100": 148201.471,
    "q50": 148201.471,
    "q95": 148201.471,
    "q99": 148201.471,
    "q999": 148201.471
   },
   "warm_queries": {
    "q0": 0,
    "q100": 139354.111,
    "q50": 139354.111,
    "q95": 139354.111,
    "q99": 139354.111,
    "q999": 139354.111
   }
  },
  "overallQueryRates": {
   "TimescaleDB_trucks_with_low_fuel": 0.006952422924290573,
   "all_queries": 0.006952422924290573,
   "cold_queries": 0.0034762114621452863,
   "warm_queries": 0.0034762114621452863
  },
  "prewarmQueries": true
 }
}