{
 "ResultFormatVersion": "0.1",
 "RunnerConfig": {
  "DBName": "benchmark_medium",
  "Limit": 0,
  "LimitRPS": 0,
  "MemProfile": "",
  "HDRLatenciesFile": "",
  "Workers": 12,
  "PrintResponses": false,
  "Debug": 0,
  "FileName": "",
  "BurnIn": 0,
  "PrintInterval": 100,
  "PrewarmQueries": true,
  "ResultsFile": "/opt/cluster_performance/query_1_node/single_query/influx/medium/influx-queries-avg-daily-driving-session-medium-1-queries.json"
 },
 "StartTime": 1646414121000,
 "EndTime": 1646414236000,
 "DurationMillis": 114174,
 "Totals": {
  "burnIn": 0,
  "limit": 0,
  "overallQuantiles": {
   "Influx_average_driver_driving_session_without_stopping_per_day": {
    "q0": 0,
    "q100": 58322.943,
    "q50": 55715.839,
    "q95": 58322.943,
    "q99": 58322.943,
    "q999": 58322.943
   },
   "all_queries": {
    "q0": 0,
    "q100": 58322.943,
    "q50": 55715.839,
    "q95": 58322.943,
    "q99": 58322.943,
    "q999": 58322.943
   },
   "cold_queries": {
    "q0": 0,
    "q100": 58322.943,
    "q50": 58322.943,
    "q95": 58322.943,
    "q99": 58322.943,
    "q999": 58322.943
   },
   "warm_queries": {
    "q0": 0,
    "q100": 55715.839,
    "q50": 55715.839,
    "q95": 55715.839,
    "q99": 55715.839,
    "q999": 55715.839
   }
  },
  "overallQueryRates": {
   "Influx_average_driver_driving_session_without_stopping_per_day": 0.0175175321965607,
   "all_queries": 0.0175175321965607,
   "cold_queries": 0.00875876609828035,
   "warm_queries": 0.00875876609828035
  },
  "prewarmQueries": true
 }
}