{
 "ResultFormatVersion": "0.1",
 "RunnerConfig": {
  "DBName": "benchmark_medium",
  "Limit": 0,
  "LimitRPS": 0,
  "MemProfile": "",
  "HDRLatenciesFile": "",
  "Workers": 12,
  "PrintResponses": false,
  "Debug": 0,
  "FileName": "",
  "BurnIn": 0,
  "PrintInterval": 100,
  "PrewarmQueries": true,
  "ResultsFile": "/opt/cluster_performance/query_1_node/single_query/influx/medium/influx-queries-stationary-trucks-medium-1-queries.json"
 },
 "StartTime": 1646414421000,
 "EndTime": 1646414426000,
 "DurationMillis": 4504,
 "Totals": {
  "burnIn": 0,
  "limit": 0,
  "overallQuantiles": {
   "Influx_stationary_trucks": {
    "q0": 0,
    "q100": 2259.583,
    "q50": 2150.015,
    "q95": 2259.583,
    "q99": 2259.583,
    "q999": 2259.583
   },
   "all_queries": {
    "q0": 0,
    "q100": 2259.583,
    "q50": 2150.015,
    "q95": 2259.583,
    "q99": 2259.583,
    "q999": 2259.583
   },
   "cold_queries": {
    "q0": 0,
    "q100": 2150.015,
    "q50": 2150.015,
    "q95": 2150.015,
    "q99": 2150.015,
    "q999": 2150.015
   },
   "warm_queries": {
    "q0": 0,
    "q100": 2259.583,
    "q50": 2259.583,
    "q95": 2259.583,
    "q99": 2259.583,
    "q999": 2259.583
   }
  },
  "overallQueryRates": {
   "Influx_stationary_trucks": 0.4443245163205505,
   "all_queries": 0.4443245163205505,
   "cold_queries": 0.22216225816027524,
   "warm_queries": 0.22216225816027524
  },
  "prewarmQueries": true
 }
}