{
 "ResultFormatVersion": "0.1",
 "RunnerConfig": {
  "DBName": "benchmark_medium",
  "Limit": 0,
  "LimitRPS": 0,
  "MemProfile": "",
  "HDRLatenciesFile": "",
  "Workers": 12,
  "PrintResponses": false,
  "Debug": 0,
  "FileName": "",
  "BurnIn": 0,
  "PrintInterval": 100,
  "PrewarmQueries": true,
  "ResultsFile": "/opt/cluster_performance/query_1_node/single_query/influx/medium/influx-queries-last-loc-medium-1-queries.json"
 },
 "StartTime": 1646414419000,
 "EndTime": 1646414420000,
 "DurationMillis": 1215,
 "Totals": {
  "burnIn": 0,
  "limit": 0,
  "overallQuantiles": {
   "Influx_last_location_per_truck": {
    "q0": 0,
    "q100": 604.639,
    "q50": 541.951,
    "q95": 604.639,
    "q99": 604.639,
    "q999": 604.639
   },
   "all_queries": {
    "q0": 0,
    "q100": 604.639,
    "q50": 541.951,
    "q95": 604.639,
    "q99": 604.639,
    "q999": 604.639
   },
   "cold_queries": {
    "q0": 0,
    "q100": 604.639,
    "q50": 604.639,
    "q95": 604.639,
    "q99": 604.639,
    "q999": 604.639
   },
   "warm_queries": {
    "q0": 0,
    "q100": 541.951,
    "q50": 541.951,
    "q95": 541.951,
    "q99": 541.951,
    "q999": 541.951
   }
  },
  "overallQueryRates": {
   "Influx_last_location_per_truck": 1.6487685965640486,
   "all_queries": 1.6487685965640486,
   "cold_queries": 0.8243842982820243,
   "warm_queries": 0.8243842982820243
  },
  "prewarmQueries": true
 }
}