{
 "ResultFormatVersion": "0.1",
 "RunnerConfig": {
  "DBName": "benchmark_medium",
  "Limit": 0,
  "LimitRPS": 0,
  "MemProfile": "",
  "HDRLatenciesFile": "",
  "Workers": 12,
  "PrintResponses": false,
  "Debug": 0,
  "FileName": "",
  "BurnIn": 0,
  "PrintInterval": 100,
  "PrewarmQueries": true,
  "ResultsFile": "/opt/cluster_performance/query_1_node/single_query/influx/medium/influx-queries-high-load-medium-1-queries.json"
 },
 "StartTime": 1646414417000,
 "EndTime": 1646414419000,
 "DurationMillis": 1260,
 "Totals": {
  "burnIn": 0,
  "limit": 0,
  "overallQuantiles": {
   "Influx_trucks_with_high_load": {
    "q0": 0,
    "q100": 604.095,
    "q50": 585.183,
    "q95": 604.095,
    "q99": 604.095,
    "q999": 604.095
   },
   "all_queries": {
    "q0": 0,
    "q100": 604.095,
    "q50": 585.183,
    "q95": 604.095,
    "q99": 604.095,
    "q999": 604.095
   },
   "cold_queries": {
    "q0": 0,
    "q100": 604.095,
    "q50": 604.095,
    "q95": 604.095,
    "q99": 604.095,
    "q999": 604.095
   },
   "warm_queries": {
    "q0": 0,
    "q100": 585.183,
    "q50": 585.183,
    "q95": 585.183,
    "q99": 585.183,
    "q999": 585.183
   }
  },
  "overallQueryRates": {
   "Influx_trucks_with_high_load": 1.5897575103125583,
   "all_queries": 1.5897575103125583,
   "cold_queries": 0.7948787551562791,
   "warm_queries": 0.7948787551562791
  },
  "prewarmQueries": true
 }
}