{
 "ResultFormatVersion": "0.1",
 "RunnerConfig": {
  "DBName": "benchmark_small",
  "Limit": 0,
  "LimitRPS": 0,
  "MemProfile": "",
  "HDRLatenciesFile": "",
  "Workers": 12,
  "PrintResponses": false,
  "Debug": 0,
  "FileName": "",
  "BurnIn": 0,
  "PrintInterval": 100,
  "PrewarmQueries": true,
  "ResultsFile": "/opt/cluster_performance/query_3_nodes/single_query/influx/small/influx-queries-last-loc-small-1-queries.json"
 },
 "StartTime": 1646404482000,
 "EndTime": 1646404483000,
 "DurationMillis": 245,
 "Totals": {
  "burnIn": 0,
  "limit": 0,
  "overallQuantiles": {
   "Influx_last_location_per_truck": {
    "q0": 0,
    "q100": 107.175,
    "q50": 104.163,
    "q95": 107.175,
    "q99": 107.175,
    "q999": 107.175
   },
   "all_queries": {
    "q0": 0,
    "q100": 107.175,
    "q50": 104.163,
    "q95": 107.175,
    "q99": 107.175,
    "q999": 107.175
   },
   "cold_queries": {
    "q0": 0,
    "q100": 107.175,
    "q50": 107.175,
    "q95": 107.175,
    "q99": 107.175,
    "q999": 107.175
   },
   "warm_queries": {
    "q0": 0,
    "q100": 104.163,
    "q50": 104.163,
    "q95": 104.163,
    "q99": 104.163,
    "q999": 104.163
   }
  },
  "overallQueryRates": {
   "Influx_last_location_per_truck": 8.231946620765331,
   "all_queries": 8.231946620765331,
   "cold_queries": 4.115973310382666,
   "warm_queries": 4.115973310382666
  },
  "prewarmQueries": true
 }
}