{
 "ResultFormatVersion": "0.1",
 "RunnerConfig": {
  "DBName": "benchmark_small",
  "Limit": 0,
  "LimitRPS": 0,
  "MemProfile": "",
  "HDRLatenciesFile": "",
  "Workers": 12,
  "PrintResponses": false,
  "Debug": 0,
  "FileName": "",
  "BurnIn": 0,
  "PrintInterval": 100,
  "PrewarmQueries": true,
  "ResultsFile": "/opt/cluster_performance/query_3_nodes/single_query/influx/small/influx-queries-long-driving-sessions-small-1-queries.json"
 },
 "StartTime": 1646404483000,
 "EndTime": 1646404483000,
 "DurationMillis": 301,
 "Totals": {
  "burnIn": 0,
  "limit": 0,
  "overallQuantiles": {
   "Influx_trucks_with_longer_driving_sessions": {
    "q0": 0,
    "q100": 132.943,
    "q50": 131.591,
    "q95": 132.943,
    "q99": 132.943,
    "q999": 132.943
   },
   "all_queries": {
    "q0": 0,
    "q100": 132.943,
    "q50": 131.591,
    "q95": 132.943,
    "q99": 132.943,
    "q999": 132.943
   },
   "cold_queries": {
    "q0": 0,
    "q100": 131.591,
    "q50": 131.591,
    "q95": 131.591,
    "q99": 131.591,
    "q999": 131.591
   },
   "warm_queries": {
    "q0": 0,
    "q100": 132.943,
    "q50": 132.943,
    "q95": 132.943,
    "q99": 132.943,
    "q999": 132.943
   }
  },
  "overallQueryRates": {
   "Influx_trucks_with_longer_driving_sessions": 6.668567208321039,
   "all_queries": 6.668567208321039,
   "cold_queries": 3.3342836041605195,
   "warm_queries": 3.3342836041605195
  },
  "prewarmQueries": true
 }
}