{
 "ResultFormatVersion": "0.1",
 "RunnerConfig": {
  "DBName": "benchmark_small",
  "Limit": 0,
  "LimitRPS": 0,
  "MemProfile": "",
  "HDRLatenciesFile": "",
  "Workers": 12,
  "PrintResponses": false,
  "Debug": 0,
  "FileName": "",
  "BurnIn": 0,
  "PrintInterval": 100,
  "PrewarmQueries": true,
  "ResultsFile": "/opt/cluster_performance/query_3_nodes/single_query/influx/small/influx-queries-avg-daily-driving-duration-small-1-queries.json"
 },
 "StartTime": 1646404449000,
 "EndTime": 1646404453000,
 "DurationMillis": 3870,
 "Totals": {
  "burnIn": 0,
  "limit": 0,
  "overallQuantiles": {
   "Influx_average_driver_driving_duration_per_day": {
    "q0": 0,
    "q100": 1927.487,
    "q50": 1871.359,
    "q95": 1927.487,
    "q99": 1927.487,
    "q999": 1927.487
   },
   "all_queries": {
    "q0": 0,
    "q100": 1927.487,
    "q50": 1871.359,
    "q95": 1927.487,
    "q99": 1927.487,
    "q999": 1927.487
   },
   "cold_queries": {
    "q0": 0,
    "q100": 1871.359,
    "q50": 1871.359,
    "q95": 1871.359,
    "q99": 1871.359,
    "q999": 1871.359
   },
   "warm_queries": {
    "q0": 0,
    "q100": 1927.487,
    "q50": 1927.487,
    "q95": 1927.487,
    "q99": 1927.487,
    "q999": 1927.487
   }
  },
  "overallQueryRates": {
   "Influx_average_driver_driving_duration_per_day": 0.517153503338756,
   "all_queries": 0.517153503338756,
   "cold_queries": 0.258576751669378,
   "warm_queries": 0.258576751669378
  },
  "prewarmQueries": true
 }
}