{
 "ResultFormatVersion": "0.1",
 "RunnerConfig": {
  "DBName": "benchmark_small",
  "Limit": 0,
  "LimitRPS": 0,
  "MemProfile": "",
  "HDRLatenciesFile": "",
  "Workers": 12,
  "PrintResponses": false,
  "Debug": 0,
  "FileName": "",
  "BurnIn": 0,
  "PrintInterval": 100,
  "PrewarmQueries": true,
  "ResultsFile": "/opt/cluster_performance/query_3_nodes/single_query/influx/small/influx-queries-breakdown-frequency-small-1-queries.json"
 },
 "StartTime": 1646404470000,
 "EndTime": 1646404482000,
 "DurationMillis": 11054,
 "Totals": {
  "burnIn": 0,
  "limit": 0,
  "overallQuantiles": {
   "Influx_truck_breakdown_frequency_per_model": {
    "q0": 0,
    "q100": 5503.231,
    "q50": 5465.855,
    "q95": 5503.231,
    "q99": 5503.231,
    "q999": 5503.231
   },
   "all_queries": {
    "q0": 0,
    "q100": 5503.231,
    "q50": 5465.855,
    "q95": 5503.231,
    "q99": 5503.231,
    "q999": 5503.231
   },
   "cold_queries": {
    "q0": 0,
    "q100": 5503.231,
    "q50": 5503.231,
    "q95": 5503.231,
    "q99": 5503.231,
    "q999": 5503.231
   },
   "warm_queries": {
    "q0": 0,
    "q100": 5465.855,
    "q50": 5465.855,
    "q95": 5465.855,
    "q99": 5465.855,
    "q999": 5465.855
   }
  },
  "overallQueryRates": {
   "Influx_truck_breakdown_frequency_per_model": 0.18097528613255967,
   "all_queries": 0.18097528613255967,
   "cold_queries": 0.09048764306627984,
   "warm_queries": 0.09048764306627984
  },
  "prewarmQueries": true
 }
}