{
 "ResultFormatVersion": "0.1",
 "RunnerConfig": {
  "DBName": "benchmark",
  "Limit": 0,
  "LimitRPS": 0,
  "MemProfile": "",
  "HDRLatenciesFile": "",
  "Workers": 4,
  "PrintResponses": false,
  "Debug": 0,
  "FileName": "",
  "BurnIn": 0,
  "PrintInterval": 100,
  "PrewarmQueries": true,
  "ResultsFile": "../performance/query/single_query/influx/medium/influx-queries-last-loc-medium-1-queries.json"
 },
 "StartTime": 1646131932000,
 "EndTime": 1646131933000,
 "DurationMillis": 1093,
 "Totals": {
  "burnIn": 0,
  "limit": 0,
  "overallQuantiles": {
   "Influx_last_location_per_truck": {
    "q0": 0,
    "q100": 874.591,
    "q50": 120.867,
    "q95": 874.591,
    "q99": 874.591,
    "q999": 874.591
   },
   "all_queries": {
    "q0": 0,
    "q100": 874.591,
    "q50": 120.867,
    "q95": 874.591,
    "q99": 874.591,
    "q999": 874.591
   },
   "cold_queries": {
    "q0": 0,
    "q100": 874.591,
    "q50": 874.591,
    "q95": 874.591,
    "q99": 874.591,
    "q999": 874.591
   },
   "warm_queries": {
    "q0": 0,
    "q100": 120.867,
    "q50": 120.867,
    "q95": 120.867,
    "q99": 120.867,
    "q999": 120.867
   }
  },
  "overallQueryRates": {
   "Influx_last_location_per_truck": 1.8502602922125702,
   "all_queries": 1.8502602922125702,
   "cold_queries": 0.9251301461062851,
   "warm_queries": 0.9251301461062851
  },
  "prewarmQueries": true
 }
}