{
 "ResultFormatVersion": "0.1",
 "RunnerConfig": {
  "DBName": "benchmark",
  "Limit": 0,
  "LimitRPS": 0,
  "MemProfile": "",
  "HDRLatenciesFile": "",
  "Workers": 4,
  "PrintResponses": false,
  "Debug": 0,
  "FileName": "",
  "BurnIn": 0,
  "PrintInterval": 100,
  "PrewarmQueries": true,
  "ResultsFile": "../performance/query/single_query/influx/medium/influx-queries-avg-vs-projected-fuel-consumption-medium-1-queries.json"
 },
 "StartTime": 1646131835000,
 "EndTime": 1646131837000,
 "DurationMillis": 2055,
 "Totals": {
  "burnIn": 0,
  "limit": 0,
  "overallQuantiles": {
   "Influx_average_vs_projected_fuel_consumption_per_fleet": {
    "q0": 0,
    "q100": 1590.847,
    "q50": 348.415,
    "q95": 1590.847,
    "q99": 1590.847,
    "q999": 1590.847
   },
   "all_queries": {
    "q0": 0,
    "q100": 1590.847,
    "q50": 348.415,
    "q95": 1590.847,
    "q99": 1590.847,
    "q999": 1590.847
   },
   "cold_queries": {
    "q0": 0,
    "q100": 1590.847,
    "q50": 1590.847,
    "q95": 1590.847,
    "q99": 1590.847,
    "q999": 1590.847
   },
   "warm_queries": {
    "q0": 0,
    "q100": 348.415,
    "q50": 348.415,
    "q95": 348.415,
    "q99": 348.415,
    "q999": 348.415
   }
  },
  "overallQueryRates": {
   "Influx_average_vs_projected_fuel_consumption_per_fleet": 0.9833579441767775,
   "all_queries": 0.9833579441767775,
   "cold_queries": 0.49167897208838873,
   "warm_queries": 0.49167897208838873
  },
  "prewarmQueries": true
 }
}