{
 "ResultFormatVersion": "0.1",
 "RunnerConfig": {
  "DBName": "benchmark_medium",
  "Limit": 0,
  "LimitRPS": 0,
  "MemProfile": "",
  "HDRLatenciesFile": "",
  "Workers": 12,
  "PrintResponses": false,
  "Debug": 0,
  "FileName": "",
  "BurnIn": 0,
  "PrintInterval": 100,
  "PrewarmQueries": true,
  "ResultsFile": "/opt/cluster_performance/query_3_nodes/single_query/influx/medium/influx-queries-last-loc-medium-1-queries.json"
 },
 "StartTime": 1646408018000,
 "EndTime": 1646408019000,
 "DurationMillis": 1195,
 "Totals": {
  "burnIn": 0,
  "limit": 0,
  "overallQuantiles": {
   "Influx_last_location_per_truck": {
    "q0": 0,
    "q100": 673.247,
    "q50": 465.215,
    "q95": 673.247,
    "q99": 673.247,
    "q999": 673.247
   },
   "all_queries": {
    "q0": 0,
    "q100": 673.247,
    "q50": 465.215,
    "q95": 673.247,
    "q99": 673.247,
    "q999": 673.247
   },
   "cold_queries": {
    "q0": 0,
    "q100": 673.247,
    "q50": 673.247,
    "q95": 673.247,
    "q99": 673.247,
    "q999": 673.247
   },
   "warm_queries": {
    "q0": 0,
    "q100": 465.215,
    "q50": 465.215,
    "q95": 465.215,
    "q99": 465.215,
    "q999": 465.215
   }
  },
  "overallQueryRates": {
   "Influx_last_location_per_truck": 1.6766356628788672,
   "all_queries": 1.6766356628788672,
   "cold_queries": 0.8383178314394336,
   "warm_queries": 0.8383178314394336
  },
  "prewarmQueries": true
 }
}