{
 "ResultFormatVersion": "0.1",
 "RunnerConfig": {
  "DBName": "benchmark_medium",
  "Limit": 0,
  "LimitRPS": 0,
  "MemProfile": "",
  "HDRLatenciesFile": "",
  "Workers": 12,
  "PrintResponses": false,
  "Debug": 0,
  "FileName": "",
  "BurnIn": 0,
  "PrintInterval": 100,
  "PrewarmQueries": true,
  "ResultsFile": "/opt/cluster_performance/query_3_nodes/single_query/influx/medium/influx-queries-avg-daily-driving-session-medium-1-queries.json"
 },
 "StartTime": 1646407688000,
 "EndTime": 1646407756000,
 "DurationMillis": 68620,
 "Totals": {
  "burnIn": 0,
  "limit": 0,
  "overallQuantiles": {
   "Influx_average_driver_driving_session_without_stopping_per_day": {
    "q0": 0,
    "q100": 34863.103,
    "q50": 33644.543,
    "q95": 34863.103,
    "q99": 34863.103,
    "q999": 34863.103
   },
   "all_queries": {
    "q0": 0,
    "q100": 34863.103,
    "q50": 33644.543,
    "q95": 34863.103,
    "q99": 34863.103,
    "q999": 34863.103
   },
   "cold_queries": {
    "q0": 0,
    "q100": 34863.103,
    "q50": 34863.103,
    "q95": 34863.103,
    "q99": 34863.103,
    "q999": 34863.103
   },
   "warm_queries": {
    "q0": 0,
    "q100": 33644.543,
    "q50": 33644.543,
    "q95": 33644.543,
    "q99": 33644.543,
    "q999": 33644.543
   }
  },
  "overallQueryRates": {
   "Influx_average_driver_driving_session_without_stopping_per_day": 0.02914796201865482,
   "all_queries": 0.02914796201865482,
   "cold_queries": 0.01457398100932741,
   "warm_queries": 0.01457398100932741
  },
  "prewarmQueries": true
 }
}