{
 "ResultFormatVersion": "0.1",
 "RunnerConfig": {
  "DBName": "benchmark_small",
  "Limit": 0,
  "LimitRPS": 0,
  "MemProfile": "",
  "HDRLatenciesFile": "",
  "Workers": 4,
  "PrintResponses": false,
  "Debug": 0,
  "FileName": "",
  "BurnIn": 0,
  "PrintInterval": 100,
  "PrewarmQueries": true,
  "ResultsFile": "../performance/query/ten_queries/timescaledb/small/timescaledb-queries-stationary-trucks-small-10-queries.json"
 },
 "StartTime": 1646249529000,
 "EndTime": 1646249531000,
 "DurationMillis": 2041,
 "Totals": {
  "burnIn": 0,
  "limit": 0,
  "overallQuantiles": {
   "TimescaleDB_stationary_trucks": {
    "q0": 0,
    "q100": 1157.887,
    "q50": 11.588,
    "q95": 1104.511,
    "q99": 1157.887,
    "q999": 1157.887
   },
   "all_queries": {
    "q0": 0,
    "q100": 1157.887,
    "q50": 11.588,
    "q95": 1104.511,
    "q99": 1157.887,
    "q999": 1157.887
   },
   "cold_queries": {
    "q0": 0,
    "q100": 1157.887,
    "q50": 578.303,
    "q95": 1157.887,
    "q99": 1157.887,
    "q999": 1157.887
   },
   "warm_queries": {
    "q0": 0,
    "q100": 11.588,
    "q50": 8.711,
    "q95": 11.588,
    "q99": 11.588,
    "q999": 11.588
   }
  },
  "overallQueryRates": {
   "TimescaleDB_stationary_trucks": 9.83976875783789,
   "all_queries": 9.83976875783789,
   "cold_queries": 4.919884378918945,
   "warm_queries": 4.919884378918945
  },
  "prewarmQueries": true
 }
}