{
 "ResultFormatVersion": "0.1",
 "RunnerConfig": {
  "DBName": "benchmark_small",
  "Limit": 0,
  "LimitRPS": 0,
  "MemProfile": "",
  "HDRLatenciesFile": "",
  "Workers": 4,
  "PrintResponses": false,
  "Debug": 0,
  "FileName": "",
  "BurnIn": 0,
  "PrintInterval": 100,
  "PrewarmQueries": true,
  "ResultsFile": "../performance/query/ten_queries/timescaledb/small/timescaledb-queries-breakdown-frequency-small-10-queries.json"
 },
 "StartTime": 1646249428000,
 "EndTime": 1646249436000,
 "DurationMillis": 7977,
 "Totals": {
  "burnIn": 0,
  "limit": 0,
  "overallQuantiles": {
   "TimescaleDB_truck_breakdown_frequency_per_model": {
    "q0": 0,
    "q100": 2700.287,
    "q50": 1194.431,
    "q95": 2688.255,
    "q99": 2700.287,
    "q999": 2700.287
   },
   "all_queries": {
    "q0": 0,
    "q100": 2700.287,
    "q50": 1194.431,
    "q95": 2688.255,
    "q99": 2700.287,
    "q999": 2700.287
   },
   "cold_queries": {
    "q0": 0,
    "q100": 2700.287,
    "q50": 1351.423,
    "q95": 2700.287,
    "q99": 2700.287,
    "q999": 2700.287
   },
   "warm_queries": {
    "q0": 0,
    "q100": 1550.399,
    "q50": 992.511,
    "q95": 1550.399,
    "q99": 1550.399,
    "q999": 1550.399
   }
  },
  "overallQueryRates": {
   "TimescaleDB_truck_breakdown_frequency_per_model": 2.511973172233028,
   "all_queries": 2.511973172233028,
   "cold_queries": 1.255986586116514,
   "warm_queries": 1.255986586116514
  },
  "prewarmQueries": true
 }
}