{
 "ResultFormatVersion": "0.1",
 "RunnerConfig": {
  "DBName": "benchmark_small",
  "Limit": 0,
  "LimitRPS": 0,
  "MemProfile": "",
  "HDRLatenciesFile": "",
  "Workers": 4,
  "PrintResponses": false,
  "Debug": 0,
  "FileName": "",
  "BurnIn": 0,
  "PrintInterval": 100,
  "PrewarmQueries": true,
  "ResultsFile": "../performance/query/ten_queries/timescaledb/small/timescaledb-queries-last-loc-small-10-queries.json"
 },
 "StartTime": 1646249483000,
 "EndTime": 1646249486000,
 "DurationMillis": 2421,
 "Totals": {
  "burnIn": 0,
  "limit": 0,
  "overallQuantiles": {
   "TimescaleDB_last_location_per_truck": {
    "q0": 0,
    "q100": 2312.831,
    "q50": 5.428,
    "q95": 2307.583,
    "q99": 2312.831,
    "q999": 2312.831
   },
   "all_queries": {
    "q0": 0,
    "q100": 2312.831,
    "q50": 5.428,
    "q95": 2307.583,
    "q99": 2312.831,
    "q999": 2312.831
   },
   "cold_queries": {
    "q0": 0,
    "q100": 2312.831,
    "q50": 5.794,
    "q95": 2312.831,
    "q99": 2312.831,
    "q999": 2312.831
   },
   "warm_queries": {
    "q0": 0,
    "q100": 8.662,
    "q50": 5.123,
    "q95": 8.662,
    "q99": 8.662,
    "q999": 8.662
   }
  },
  "overallQueryRates": {
   "TimescaleDB_last_location_per_truck": 8.346593051006897,
   "all_queries": 8.346593051006897,
   "cold_queries": 4.173296525503448,
   "warm_queries": 4.173296525503448
  },
  "prewarmQueries": true
 }
}