{
 "ResultFormatVersion": "0.1",
 "RunnerConfig": {
  "DBName": "benchmark_small",
  "Limit": 0,
  "LimitRPS": 0,
  "MemProfile": "",
  "HDRLatenciesFile": "",
  "Workers": 4,
  "PrintResponses": false,
  "Debug": 0,
  "FileName": "",
  "BurnIn": 0,
  "PrintInterval": 100,
  "PrewarmQueries": true,
  "ResultsFile": "../performance/query/ten_queries/timescaledb/small/timescaledb-queries-avg-daily-driving-session-small-10-queries.json"
 },
 "StartTime": 1646249376000,
 "EndTime": 1646249385000,
 "DurationMillis": 9127,
 "Totals": {
  "burnIn": 0,
  "limit": 0,
  "overallQuantiles": {
   "TimescaleDB_average_driver_driving_session_without_stopping_per_day": {
    "q0": 0,
    "q100": 3487.103,
    "q50": 1267.903,
    "q95": 3464.319,
    "q99": 3487.103,
    "q999": 3487.103
   },
   "all_queries": {
    "q0": 0,
    "q100": 3487.103,
    "q50": 1267.903,
    "q95": 3464.319,
    "q99": 3487.103,
    "q999": 3487.103
   },
   "cold_queries": {
    "q0": 0,
    "q100": 3487.103,
    "q50": 1267.903,
    "q95": 3487.103,
    "q99": 3487.103,
    "q999": 3487.103
   },
   "warm_queries": {
    "q0": 0,
    "q100": 1802.751,
    "q50": 1234.047,
    "q95": 1802.751,
    "q99": 1802.751,
    "q999": 1802.751
   }
  },
  "overallQueryRates": {
   "TimescaleDB_average_driver_driving_session_without_stopping_per_day": 2.1961499446634836,
   "all_queries": 2.1961499446634836,
   "cold_queries": 1.0980749723317418,
   "warm_queries": 1.0980749723317418
  },
  "prewarmQueries": true
 }
}