{
 "ResultFormatVersion": "0.1",
 "RunnerConfig": {
  "DBName": "benchmark_small",
  "Limit": 0,
  "LimitRPS": 0,
  "MemProfile": "",
  "HDRLatenciesFile": "",
  "Workers": 4,
  "PrintResponses": false,
  "Debug": 0,
  "FileName": "",
  "BurnIn": 0,
  "PrintInterval": 100,
  "PrewarmQueries": true,
  "ResultsFile": "../performance/query/ten_queries/timescaledb/small/timescaledb-queries-daily-activity-small-10-queries.json"
 },
 "StartTime": 1646249447000,
 "EndTime": 1646249459000,
 "DurationMillis": 12396,
 "Totals": {
  "burnIn": 0,
  "limit": 0,
  "overallQuantiles": {
   "TimescaleDB_daily_truck_activity_per_fleet_per_model": {
    "q0": 0,
    "q100": 4959.487,
    "q50": 1786.431,
    "q95": 4049.919,
    "q99": 4959.487,
    "q999": 4959.487
   },
   "all_queries": {
    "q0": 0,
    "q100": 4959.487,
    "q50": 1786.431,
    "q95": 4049.919,
    "q99": 4959.487,
    "q999": 4959.487
   },
   "cold_queries": {
    "q0": 0,
    "q100": 4959.487,
    "q50": 2293.119,
    "q95": 4959.487,
    "q99": 4959.487,
    "q999": 4959.487
   },
   "warm_queries": {
    "q0": 0,
    "q100": 2633.215,
    "q50": 1766.399,
    "q95": 2633.215,
    "q99": 2633.215,
    "q999": 2633.215
   }
  },
  "overallQueryRates": {
   "TimescaleDB_daily_truck_activity_per_fleet_per_model": 1.6175464484572957,
   "all_queries": 1.6175464484572957,
   "cold_queries": 0.8087732242286478,
   "warm_queries": 0.8087732242286478
  },
  "prewarmQueries": true
 }
}