{
 "ResultFormatVersion": "0.1",
 "RunnerConfig": {
  "DBName": "benchmark_medium",
  "Limit": 0,
  "LimitRPS": 0,
  "MemProfile": "",
  "HDRLatenciesFile": "",
  "Workers": 12,
  "PrintResponses": false,
  "Debug": 0,
  "FileName": "",
  "BurnIn": 0,
  "PrintInterval": 100,
  "PrewarmQueries": true,
  "ResultsFile": "/opt/cluster_performance/query_5_nodes/single_query/influx/medium/influx-queries-high-load-medium-1-queries.json"
 },
 "StartTime": 1646411871000,
 "EndTime": 1646411872000,
 "DurationMillis": 938,
 "Totals": {
  "burnIn": 0,
  "limit": 0,
  "overallQuantiles": {
   "Influx_trucks_with_high_load": {
    "q0": 0,
    "q100": 449.151,
    "q50": 423.007,
    "q95": 449.151,
    "q99": 449.151,
    "q999": 449.151
   },
   "all_queries": {
    "q0": 0,
    "q100": 449.151,
    "q50": 423.007,
    "q95": 449.151,
    "q99": 449.151,
    "q999": 449.151
   },
   "cold_queries": {
    "q0": 0,
    "q100": 449.151,
    "q50": 449.151,
    "q95": 449.151,
    "q99": 449.151,
    "q999": 449.151
   },
   "warm_queries": {
    "q0": 0,
    "q100": 423.007,
    "q50": 423.007,
    "q95": 423.007,
    "q99": 423.007,
    "q999": 423.007
   }
  },
  "overallQueryRates": {
   "Influx_trucks_with_high_load": 2.1358003821160465,
   "all_queries": 2.1358003821160465,
   "cold_queries": 1.0679001910580233,
   "warm_queries": 1.0679001910580233
  },
  "prewarmQueries": true
 }
}