{
 "ResultFormatVersion": "0.1",
 "RunnerConfig": {
  "DBName": "benchmark_small",
  "Limit": 0,
  "LimitRPS": 0,
  "MemProfile": "",
  "HDRLatenciesFile": "",
  "Workers": 12,
  "PrintResponses": false,
  "Debug": 0,
  "FileName": "",
  "BurnIn": 0,
  "PrintInterval": 100,
  "PrewarmQueries": true,
  "ResultsFile": "/opt/cluster_performance/query_5_nodes/single_query/influx/small/influx-queries-avg-daily-driving-session-small-1-queries.json"
 },
 "StartTime": 1646410005000,
 "EndTime": 1646410012000,
 "DurationMillis": 6442,
 "Totals": {
  "burnIn": 0,
  "limit": 0,
  "overallQuantiles": {
   "Influx_average_driver_driving_session_without_stopping_per_day": {
    "q0": 0,
    "q100": 3207.679,
    "q50": 3158.399,
    "q95": 3207.679,
    "q99": 3207.679,
    "q999": 3207.679
   },
   "all_queries": {
    "q0": 0,
    "q100": 3207.679,
    "q50": 3158.399,
    "q95": 3207.679,
    "q99": 3207.679,
    "q999": 3207.679
   },
   "cold_queries": {
    "q0": 0,
    "q100": 3207.679,
    "q50": 3207.679,
    "q95": 3207.679,
    "q99": 3207.679,
    "q999": 3207.679
   },
   "warm_queries": {
    "q0": 0,
    "q100": 3158.399,
    "q50": 3158.399,
    "q95": 3158.399,
    "q99": 3158.399,
    "q999": 3158.399
   }
  },
  "overallQueryRates": {
   "Influx_average_driver_driving_session_without_stopping_per_day": 0.3105377459484179,
   "all_queries": 0.3105377459484179,
   "cold_queries": 0.15526887297420894,
   "warm_queries": 0.15526887297420894
  },
  "prewarmQueries": true
 }
}