{
 "ResultFormatVersion": "0.1",
 "RunnerConfig": {
  "DBName": "benchmark_small",
  "Limit": 0,
  "LimitRPS": 0,
  "MemProfile": "",
  "HDRLatenciesFile": "",
  "Workers": 12,
  "PrintResponses": false,
  "Debug": 0,
  "FileName": "",
  "BurnIn": 0,
  "PrintInterval": 100,
  "PrewarmQueries": true,
  "ResultsFile": "/opt/cluster_performance/query_5_nodes/single_query/influx/small/influx-queries-daily-activity-small-1-queries.json"
 },
 "StartTime": 1646410035000,
 "EndTime": 1646410035000,
 "DurationMillis": 525,
 "Totals": {
  "burnIn": 0,
  "limit": 0,
  "overallQuantiles": {
   "Influx_daily_truck_activity_per_fleet_per_model": {
    "q0": 0,
    "q100": 243.647,
    "q50": 236.471,
    "q95": 243.647,
    "q99": 243.647,
    "q999": 243.647
   },
   "all_queries": {
    "q0": 0,
    "q100": 243.647,
    "q50": 236.471,
    "q95": 243.647,
    "q99": 243.647,
    "q999": 243.647
   },
   "cold_queries": {
    "q0": 0,
    "q100": 243.647,
    "q50": 243.647,
    "q95": 243.647,
    "q99": 243.647,
    "q999": 243.647
   },
   "warm_queries": {
    "q0": 0,
    "q100": 236.471,
    "q50": 236.471,
    "q95": 236.471,
    "q99": 236.471,
    "q999": 236.471
   }
  },
  "overallQueryRates": {
   "Influx_daily_truck_activity_per_fleet_per_model": 3.8211262043473337,
   "all_queries": 3.8211262043473337,
   "cold_queries": 1.9105631021736669,
   "warm_queries": 1.9105631021736669
  },
  "prewarmQueries": true
 }
}