{
 "ResultFormatVersion": "0.1",
 "RunnerConfig": {
  "DBName": "benchmark_small",
  "Limit": 0,
  "LimitRPS": 0,
  "MemProfile": "",
  "HDRLatenciesFile": "",
  "Workers": 12,
  "PrintResponses": false,
  "Debug": 0,
  "FileName": "",
  "BurnIn": 0,
  "PrintInterval": 100,
  "PrewarmQueries": true,
  "ResultsFile": "/opt/cluster_performance/query_5_nodes/single_query/influx/small/influx-queries-high-load-small-1-queries.json"
 },
 "StartTime": 1646410035000,
 "EndTime": 1646410036000,
 "DurationMillis": 249,
 "Totals": {
  "burnIn": 0,
  "limit": 0,
  "overallQuantiles": {
   "Influx_trucks_with_high_load": {
    "q0": 0,
    "q100": 109.155,
    "q50": 105.683,
    "q95": 109.155,
    "q99": 109.155,
    "q999": 109.155
   },
   "all_queries": {
    "q0": 0,
    "q100": 109.155,
    "q50": 105.683,
    "q95": 109.155,
    "q99": 109.155,
    "q999": 109.155
   },
   "cold_queries": {
    "q0": 0,
    "q100": 109.155,
    "q50": 109.155,
    "q95": 109.155,
    "q99": 109.155,
    "q999": 109.155
   },
   "warm_queries": {
    "q0": 0,
    "q100": 105.683,
    "q50": 105.683,
    "q95": 105.683,
    "q99": 105.683,
    "q999": 105.683
   }
  },
  "overallQueryRates": {
   "Influx_trucks_with_high_load": 8.085996186644199,
   "all_queries": 8.085996186644199,
   "cold_queries": 4.042998093322099,
   "warm_queries": 4.042998093322099
  },
  "prewarmQueries": true
 }
}