{
 "ResultFormatVersion": "0.1",
 "RunnerConfig": {
  "DBName": "benchmark_small",
  "Limit": 0,
  "LimitRPS": 0,
  "MemProfile": "",
  "HDRLatenciesFile": "",
  "Workers": 12,
  "PrintResponses": false,
  "Debug": 0,
  "FileName": "",
  "BurnIn": 0,
  "PrintInterval": 100,
  "PrewarmQueries": true,
  "ResultsFile": "/opt/cluster_performance/query_5_nodes/ten_queries/influx/small/influx-queries-avg-load-small-10-queries.json"
 },
 "StartTime": 1646410320000,
 "EndTime": 1646410360000,
 "DurationMillis": 39759,
 "Totals": {
  "burnIn": 0,
  "limit": 0,
  "overallQuantiles": {
   "Influx_average_load_per_truck_model_per_fleet": {
    "q0": 0,
    "q100": 20530.175,
    "q50": 19504.127,
    "q95": 20287.487,
    "q99": 20530.175,
    "q999": 20530.175
   },
   "all_queries": {
    "q0": 0,
    "q100": 20530.175,
    "q50": 19504.127,
    "q95": 20287.487,
    "q99": 20530.175,
    "q999": 20530.175
   },
   "cold_queries": {
    "q0": 0,
    "q100": 20530.175,
    "q50": 19553.279,
    "q95": 20530.175,
    "q99": 20530.175,
    "q999": 20530.175
   },
   "warm_queries": {
    "q0": 0,
    "q100": 20204.543,
    "q50": 19422.207,
    "q95": 20204.543,
    "q99": 20204.543,
    "q999": 20204.543
   }
  },
  "overallQueryRates": {
   "Influx_average_load_per_truck_model_per_fleet": 0.5030549331333724,
   "all_queries": 0.5030549331333724,
   "cold_queries": 0.2515274665666862,
   "warm_queries": 0.2515274665666862
  },
  "prewarmQueries": true
 }
}