{
 "ResultFormatVersion": "0.1",
 "RunnerConfig": {
  "DBName": "benchmark_small",
  "Limit": 0,
  "LimitRPS": 0,
  "MemProfile": "",
  "HDRLatenciesFile": "",
  "Workers": 12,
  "PrintResponses": false,
  "Debug": 0,
  "FileName": "",
  "BurnIn": 0,
  "PrintInterval": 100,
  "PrewarmQueries": true,
  "ResultsFile": "/opt/cluster_performance/query_5_nodes/ten_queries/influx/small/influx-queries-last-loc-small-10-queries.json"
 },
 "StartTime": 1646410420000,
 "EndTime": 1646410420000,
 "DurationMillis": 522,
 "Totals": {
  "burnIn": 0,
  "limit": 0,
  "overallQuantiles": {
   "Influx_last_location_per_truck": {
    "q0": 0,
    "q100": 278.575,
    "q50": 218.999,
    "q95": 275.039,
    "q99": 278.575,
    "q999": 278.575
   },
   "all_queries": {
    "q0": 0,
    "q100": 278.575,
    "q50": 218.999,
    "q95": 275.039,
    "q99": 278.575,
    "q999": 278.575
   },
   "cold_queries": {
    "q0": 0,
    "q100": 278.575,
    "q50": 212.119,
    "q95": 278.575,
    "q99": 278.575,
    "q999": 278.575
   },
   "warm_queries": {
    "q0": 0,
    "q100": 244.567,
    "q50": 231.023,
    "q95": 244.567,
    "q99": 244.567,
    "q999": 244.567
   }
  },
  "overallQueryRates": {
   "Influx_last_location_per_truck": 38.51767797719021,
   "all_queries": 38.51767797719021,
   "cold_queries": 19.258838988595105,
   "warm_queries": 19.258838988595105
  },
  "prewarmQueries": true
 }
}