{
 "ResultFormatVersion": "0.1",
 "RunnerConfig": {
  "DBName": "benchmark_small",
  "Limit": 0,
  "LimitRPS": 0,
  "MemProfile": "",
  "HDRLatenciesFile": "",
  "Workers": 12,
  "PrintResponses": false,
  "Debug": 0,
  "FileName": "",
  "BurnIn": 0,
  "PrintInterval": 100,
  "PrewarmQueries": true,
  "ResultsFile": "/opt/cluster_performance/query_5_nodes/ten_queries/influx/small/influx-queries-stationary-trucks-small-10-queries.json"
 },
 "StartTime": 1646410422000,
 "EndTime": 1646410425000,
 "DurationMillis": 3174,
 "Totals": {
  "burnIn": 0,
  "limit": 0,
  "overallQuantiles": {
   "Influx_stationary_trucks": {
    "q0": 0,
    "q100": 1656.767,
    "q50": 1409.215,
    "q95": 1650.559,
    "q99": 1656.767,
    "q999": 1656.767
   },
   "all_queries": {
    "q0": 0,
    "q100": 1656.767,
    "q50": 1409.215,
    "q95": 1650.559,
    "q99": 1656.767,
    "q999": 1656.767
   },
   "cold_queries": {
    "q0": 0,
    "q100": 1656.767,
    "q50": 1491.327,
    "q95": 1656.767,
    "q99": 1656.767,
    "q999": 1656.767
   },
   "warm_queries": {
    "q0": 0,
    "q100": 1532.479,
    "q50": 1398.463,
    "q95": 1532.479,
    "q99": 1532.479,
    "q999": 1532.479
   }
  },
  "overallQueryRates": {
   "Influx_stationary_trucks": 6.306341644545071,
   "all_queries": 6.306341644545071,
   "cold_queries": 3.1531708222725356,
   "warm_queries": 3.1531708222725356
  },
  "prewarmQueries": true
 }
}