{
 "ResultFormatVersion": "0.1",
 "RunnerConfig": {
  "DBName": "benchmark_small",
  "Limit": 0,
  "LimitRPS": 0,
  "MemProfile": "",
  "HDRLatenciesFile": "",
  "Workers": 12,
  "PrintResponses": false,
  "Debug": 0,
  "FileName": "",
  "BurnIn": 0,
  "PrintInterval": 100,
  "PrewarmQueries": true,
  "ResultsFile": "/opt/cluster_performance/query_5_nodes/ten_queries/influx/small/influx-queries-long-driving-sessions-small-10-queries.json"
 },
 "StartTime": 1646410420000,
 "EndTime": 1646410421000,
 "DurationMillis": 1266,
 "Totals": {
  "burnIn": 0,
  "limit": 0,
  "overallQuantiles": {
   "Influx_trucks_with_longer_driving_sessions": {
    "q0": 0,
    "q100": 669.311,
    "q50": 586.015,
    "q95": 621.215,
    "q99": 669.311,
    "q999": 669.311
   },
   "all_queries": {
    "q0": 0,
    "q100": 669.311,
    "q50": 586.015,
    "q95": 621.215,
    "q99": 669.311,
    "q999": 669.311
   },
   "cold_queries": {
    "q0": 0,
    "q100": 669.311,
    "q50": 605.919,
    "q95": 669.311,
    "q99": 669.311,
    "q999": 669.311
   },
   "warm_queries": {
    "q0": 0,
    "q100": 597.887,
    "q50": 568.575,
    "q95": 597.887,
    "q99": 597.887,
    "q999": 597.887
   }
  },
  "overallQueryRates": {
   "Influx_trucks_with_longer_driving_sessions": 15.814444692379794,
   "all_queries": 15.814444692379794,
   "cold_queries": 7.907222346189897,
   "warm_queries": 7.907222346189897
  },
  "prewarmQueries": true
 }
}