{
 "ResultFormatVersion": "0.1",
 "RunnerConfig": {
  "DBName": "benchmark_medium",
  "Limit": 0,
  "LimitRPS": 0,
  "MemProfile": "",
  "HDRLatenciesFile": "",
  "Workers": 4,
  "PrintResponses": false,
  "Debug": 0,
  "FileName": "",
  "BurnIn": 0,
  "PrintInterval": 100,
  "PrewarmQueries": true,
  "ResultsFile": "../performance/query/ten_queries/timescaledb/medium/timescaledb-queries-high-load-medium-10-queries.json"
 },
 "StartTime": 1646251380000,
 "EndTime": 1646251388000,
 "DurationMillis": 8572,
 "Totals": {
  "burnIn": 0,
  "limit": 0,
  "overallQuantiles": {
   "TimescaleDB_trucks_with_high_load": {
    "q0": 0,
    "q100": 8446.975,
    "q50": 7.689,
    "q95": 8446.975,
    "q99": 8446.975,
    "q999": 8446.975
   },
   "all_queries": {
    "q0": 0,
    "q100": 8446.975,
    "q50": 7.689,
    "q95": 8446.975,
    "q99": 8446.975,
    "q999": 8446.975
   },
   "cold_queries": {
    "q0": 0,
    "q100": 8446.975,
    "q50": 7.692,
    "q95": 8446.975,
    "q99": 8446.975,
    "q999": 8446.975
   },
   "warm_queries": {
    "q0": 0,
    "q100": 8.865,
    "q50": 7.515,
    "q95": 8.865,
    "q99": 8.865,
    "q999": 8.865
   }
  },
  "overallQueryRates": {
   "TimescaleDB_trucks_with_high_load": 2.3363723666129816,
   "all_queries": 2.3363723666129816,
   "cold_queries": 1.1681861833064908,
   "warm_queries": 1.1681861833064908
  },
  "prewarmQueries": true
 }
}