{
 "ResultFormatVersion": "0.1",
 "RunnerConfig": {
  "DBName": "benchmark_medium",
  "Limit": 0,
  "LimitRPS": 0,
  "MemProfile": "",
  "HDRLatenciesFile": "",
  "Workers": 4,
  "PrintResponses": false,
  "Debug": 0,
  "FileName": "",
  "BurnIn": 0,
  "PrintInterval": 100,
  "PrewarmQueries": true,
  "ResultsFile": "../performance/query/ten_queries/timescaledb/medium/timescaledb-queries-avg-vs-projected-fuel-consumption-medium-10-queries.json"
 },
 "StartTime": 1646251087000,
 "EndTime": 1646251143000,
 "DurationMillis": 56132,
 "Totals": {
  "burnIn": 0,
  "limit": 0,
  "overallQuantiles": {
   "TimescaleDB_average_vs_projected_fuel_consumption_per_fleet": {
    "q0": 0,
    "q100": 36392.959,
    "q50": 3997.951,
    "q95": 29429.759,
    "q99": 36392.959,
    "q999": 36392.959
   },
   "all_queries": {
    "q0": 0,
    "q100": 36392.959,
    "q50": 3997.951,
    "q95": 29429.759,
    "q99": 36392.959,
    "q999": 36392.959
   },
   "cold_queries": {
    "q0": 0,
    "q100": 36392.959,
    "q50": 6139.391,
    "q95": 36392.959,
    "q99": 36392.959,
    "q999": 36392.959
   },
   "warm_queries": {
    "q0": 0,
    "q100": 11621.887,
    "q50": 3977.087,
    "q95": 11621.887,
    "q99": 11621.887,
    "q999": 11621.887
   }
  },
  "overallQueryRates": {
   "TimescaleDB_average_vs_projected_fuel_consumption_per_fleet": 0.35651851570454696,
   "all_queries": 0.35651851570454696,
   "cold_queries": 0.17825925785227348,
   "warm_queries": 0.17825925785227348
  },
  "prewarmQueries": true
 }
}