{
 "ResultFormatVersion": "0.1",
 "RunnerConfig": {
  "DBName": "benchmark_medium",
  "Limit": 0,
  "LimitRPS": 0,
  "MemProfile": "",
  "HDRLatenciesFile": "",
  "Workers": 4,
  "PrintResponses": false,
  "Debug": 0,
  "FileName": "",
  "BurnIn": 0,
  "PrintInterval": 100,
  "PrewarmQueries": true,
  "ResultsFile": "../performance/query/ten_queries/timescaledb/medium/timescaledb-queries-avg-daily-driving-duration-medium-10-queries.json"
 },
 "StartTime": 1646250844000,
 "EndTime": 1646250933000,
 "DurationMillis": 89062,
 "Totals": {
  "burnIn": 0,
  "limit": 0,
  "overallQuantiles": {
   "TimescaleDB_average_driver_driving_duration_per_day": {
    "q0": 0,
    "q100": 43968.511,
    "q50": 9273.343,
    "q95": 38008.831,
    "q99": 43968.511,
    "q999": 43968.511
   },
   "all_queries": {
    "q0": 0,
    "q100": 43968.511,
    "q50": 9273.343,
    "q95": 38008.831,
    "q99": 43968.511,
    "q999": 43968.511
   },
   "cold_queries": {
    "q0": 0,
    "q100": 43968.511,
    "q50": 17306.623,
    "q95": 43968.511,
    "q99": 43968.511,
    "q999": 43968.511
   },
   "warm_queries": {
    "q0": 0,
    "q100": 17671.167,
    "q50": 8904.191,
    "q95": 17671.167,
    "q99": 17671.167,
    "q999": 17671.167
   }
  },
  "overallQueryRates": {
   "TimescaleDB_average_driver_driving_duration_per_day": 0.22459025920570622,
   "all_queries": 0.22459025920570622,
   "cold_queries": 0.11229512960285311,
   "warm_queries": 0.11229512960285311
  },
  "prewarmQueries": true
 }
}