{
 "ResultFormatVersion": "0.1",
 "RunnerConfig": {
  "DBName": "benchmark_medium",
  "Limit": 0,
  "LimitRPS": 0,
  "MemProfile": "",
  "HDRLatenciesFile": "",
  "Workers": 4,
  "PrintResponses": false,
  "Debug": 0,
  "FileName": "",
  "BurnIn": 0,
  "PrintInterval": 100,
  "PrewarmQueries": true,
  "ResultsFile": "../performance/query/ten_queries/timescaledb/medium/timescaledb-queries-long-driving-sessions-medium-10-queries.json"
 },
 "StartTime": 1646251419000,
 "EndTime": 1646251455000,
 "DurationMillis": 35602,
 "Totals": {
  "burnIn": 0,
  "limit": 0,
  "overallQuantiles": {
   "TimescaleDB_trucks_with_longer_driving_sessions": {
    "q0": 0,
    "q100": 20255.743,
    "q50": 430.511,
    "q95": 20085.759,
    "q99": 20255.743,
    "q999": 20255.743
   },
   "all_queries": {
    "q0": 0,
    "q100": 20255.743,
    "q50": 430.511,
    "q95": 20085.759,
    "q99": 20255.743,
    "q999": 20255.743
   },
   "cold_queries": {
    "q0": 0,
    "q100": 20255.743,
    "q50": 13479.935,
    "q95": 20255.743,
    "q99": 20255.743,
    "q999": 20255.743
   },
   "warm_queries": {
    "q0": 0,
    "q100": 435.343,
    "q50": 412.143,
    "q95": 435.343,
    "q99": 435.343,
    "q999": 435.343
   }
  },
  "overallQueryRates": {
   "TimescaleDB_trucks_with_longer_driving_sessions": 0.5622654233134489,
   "all_queries": 0.5622654233134489,
   "cold_queries": 0.28113271165672443,
   "warm_queries": 0.28113271165672443
  },
  "prewarmQueries": true
 }
}