{
 "ResultFormatVersion": "0.1",
 "RunnerConfig": {
  "DBName": "benchmark_medium",
  "Limit": 0,
  "LimitRPS": 0,
  "MemProfile": "",
  "HDRLatenciesFile": "",
  "Workers": 4,
  "PrintResponses": false,
  "Debug": 0,
  "FileName": "",
  "BurnIn": 0,
  "PrintInterval": 100,
  "PrewarmQueries": true,
  "ResultsFile": "../performance/query/ten_queries/timescaledb/medium/timescaledb-queries-daily-activity-medium-10-queries.json"
 },
 "StartTime": 1646251234000,
 "EndTime": 1646251369000,
 "DurationMillis": 134729,
 "Totals": {
  "burnIn": 0,
  "limit": 0,
  "overallQuantiles": {
   "TimescaleDB_daily_truck_activity_per_fleet_per_model": {
    "q0": 0,
    "q100": 55353.343,
    "q50": 19092.479,
    "q95": 47882.239,
    "q99": 55353.343,
    "q999": 55353.343
   },
   "all_queries": {
    "q0": 0,
    "q100": 55353.343,
    "q50": 19092.479,
    "q95": 47882.239,
    "q99": 55353.343,
    "q999": 55353.343
   },
   "cold_queries": {
    "q0": 0,
    "q100": 55353.343,
    "q50": 27402.239,
    "q95": 55353.343,
    "q99": 55353.343,
    "q999": 55353.343
   },
   "warm_queries": {
    "q0": 0,
    "q100": 31943.679,
    "q50": 16796.671,
    "q95": 31943.679,
    "q99": 31943.679,
    "q999": 31943.679
   }
  },
  "overallQueryRates": {
   "TimescaleDB_daily_truck_activity_per_fleet_per_model": 0.14846644614506158,
   "all_queries": 0.14846644614506158,
   "cold_queries": 0.07423322307253079,
   "warm_queries": 0.07423322307253079
  },
  "prewarmQueries": true
 }
}