{
 "ResultFormatVersion": "0.1",
 "RunnerConfig": {
  "DBName": "benchmark_medium",
  "Limit": 0,
  "LimitRPS": 0,
  "MemProfile": "",
  "HDRLatenciesFile": "",
  "Workers": 4,
  "PrintResponses": false,
  "Debug": 0,
  "FileName": "",
  "BurnIn": 0,
  "PrintInterval": 100,
  "PrewarmQueries": true,
  "ResultsFile": "../performance/query/ten_queries/timescaledb/medium/timescaledb-queries-avg-load-medium-10-queries.json"
 },
 "StartTime": 1646251040000,
 "EndTime": 1646251076000,
 "DurationMillis": 36323,
 "Totals": {
  "burnIn": 0,
  "limit": 0,
  "overallQuantiles": {
   "TimescaleDB_average_load_per_truck_model_per_fleet": {
    "q0": 0,
    "q100": 25289.727,
    "q50": 3290.239,
    "q95": 21884.927,
    "q99": 25289.727,
    "q999": 25289.727
   },
   "all_queries": {
    "q0": 0,
    "q100": 25289.727,
    "q50": 3290.239,
    "q95": 21884.927,
    "q99": 25289.727,
    "q999": 25289.727
   },
   "cold_queries": {
    "q0": 0,
    "q100": 25289.727,
    "q50": 3333.247,
    "q95": 25289.727,
    "q99": 25289.727,
    "q999": 25289.727
   },
   "warm_queries": {
    "q0": 0,
    "q100": 6313.215,
    "q50": 2217.983,
    "q95": 6313.215,
    "q99": 6313.215,
    "q999": 6313.215
   }
  },
  "overallQueryRates": {
   "TimescaleDB_average_load_per_truck_model_per_fleet": 0.5511230031227603,
   "all_queries": 0.5511230031227603,
   "cold_queries": 0.27556150156138015,
   "warm_queries": 0.27556150156138015
  },
  "prewarmQueries": true
 }
}