{
 "ResultFormatVersion": "0.1",
 "RunnerConfig": {
  "DBName": "benchmark_medium",
  "Limit": 0,
  "LimitRPS": 0,
  "MemProfile": "",
  "HDRLatenciesFile": "",
  "Workers": 12,
  "PrintResponses": false,
  "Debug": 0,
  "FileName": "",
  "BurnIn": 0,
  "PrintInterval": 100,
  "PrewarmQueries": true,
  "ResultsFile": "/opt/cluster_performance/query_5_nodes/single_query/timescaledb/medium/timescaledb-queries-daily-activity-medium-1-queries.json"
 },
 "StartTime": 1646321787000,
 "EndTime": 1646321818000,
 "DurationMillis": 31041,
 "Totals": {
  "burnIn": 0,
  "limit": 0,
  "overallQuantiles": {
   "TimescaleDB_daily_truck_activity_per_fleet_per_model": {
    "q0": 0,
    "q100": 16593.919,
    "q50": 14331.903,
    "q95": 16593.919,
    "q99": 16593.919,
    "q999": 16593.919
   },
   "all_queries": {
    "q0": 0,
    "q100": 16593.919,
    "q50": 14331.903,
    "q95": 16593.919,
    "q99": 16593.919,
    "q999": 16593.919
   },
   "cold_queries": {
    "q0": 0,
    "q100": 16593.919,
    "q50": 16593.919,
    "q95": 16593.919,
    "q99": 16593.919,
    "q999": 16593.919
   },
   "warm_queries": {
    "q0": 0,
    "q100": 14331.903,
    "q50": 14331.903,
    "q95": 14331.903,
    "q99": 14331.903,
    "q999": 14331.903
   }
  },
  "overallQueryRates": {
   "TimescaleDB_daily_truck_activity_per_fleet_per_model": 0.0644377166456444,
   "all_queries": 0.0644377166456444,
   "cold_queries": 0.0322188583228222,
   "warm_queries": 0.0322188583228222
  },
  "prewarmQueries": true
 }
}