{
 "ResultFormatVersion": "0.1",
 "RunnerConfig": {
  "DBName": "benchmark_medium",
  "Limit": 0,
  "LimitRPS": 0,
  "MemProfile": "",
  "HDRLatenciesFile": "",
  "Workers": 12,
  "PrintResponses": false,
  "Debug": 0,
  "FileName": "",
  "BurnIn": 0,
  "PrintInterval": 100,
  "PrewarmQueries": true,
  "ResultsFile": "/opt/cluster_performance/query_5_nodes/single_query/timescaledb/medium/timescaledb-queries-last-loc-medium-1-queries.json"
 },
 "StartTime": 1646324326000,
 "EndTime": 1646326830000,
 "DurationMillis": 2504109,
 "Totals": {
  "burnIn": 0,
  "limit": 0,
  "overallQuantiles": {
   "TimescaleDB_last_location_per_truck": {
    "q0": 0,
    "q100": 1253179.391,
    "q50": 1250820.095,
    "q95": 1253179.391,
    "q99": 1253179.391,
    "q999": 1253179.391
   },
   "all_queries": {
    "q0": 0,
    "q100": 1253179.391,
    "q50": 1250820.095,
    "q95": 1253179.391,
    "q99": 1253179.391,
    "q999": 1253179.391
   },
   "cold_queries": {
    "q0": 0,
    "q100": 1253179.391,
    "q50": 1253179.391,
    "q95": 1253179.391,
    "q99": 1253179.391,
    "q999": 1253179.391
   },
   "warm_queries": {
    "q0": 0,
    "q100": 1250820.095,
    "q50": 1250820.095,
    "q95": 1250820.095,
    "q99": 1250820.095,
    "q999": 1250820.095
   }
  },
  "overallQueryRates": {
   "TimescaleDB_last_location_per_truck": 0.0007986902985433792,
   "all_queries": 0.0007986902985433792,
   "cold_queries": 0.0003993451492716896,
   "warm_queries": 0.0003993451492716896
  },
  "prewarmQueries": true
 }
}