{
 "ResultFormatVersion": "0.1",
 "RunnerConfig": {
  "DBName": "benchmark_medium",
  "Limit": 0,
  "LimitRPS": 0,
  "MemProfile": "",
  "HDRLatenciesFile": "",
  "Workers": 12,
  "PrintResponses": false,
  "Debug": 0,
  "FileName": "",
  "BurnIn": 0,
  "PrintInterval": 100,
  "PrewarmQueries": true,
  "ResultsFile": "/opt/cluster_performance/query_5_nodes/single_query/timescaledb/medium/timescaledb-queries-breakdown-frequency-medium-1-queries.json"
 },
 "StartTime": 1646321762000,
 "EndTime": 1646321787000,
 "DurationMillis": 25363,
 "Totals": {
  "burnIn": 0,
  "limit": 0,
  "overallQuantiles": {
   "TimescaleDB_truck_breakdown_frequency_per_model": {
    "q0": 0,
    "q100": 12781.567,
    "q50": 12489.215,
    "q95": 12781.567,
    "q99": 12781.567,
    "q999": 12781.567
   },
   "all_queries": {
    "q0": 0,
    "q100": 12781.567,
    "q50": 12489.215,
    "q95": 12781.567,
    "q99": 12781.567,
    "q999": 12781.567
   },
   "cold_queries": {
    "q0": 0,
    "q100": 12781.567,
    "q50": 12781.567,
    "q95": 12781.567,
    "q99": 12781.567,
    "q999": 12781.567
   },
   "warm_queries": {
    "q0": 0,
    "q100": 12489.215,
    "q50": 12489.215,
    "q95": 12489.215,
    "q99": 12489.215,
    "q999": 12489.215
   }
  },
  "overallQueryRates": {
   "TimescaleDB_truck_breakdown_frequency_per_model": 0.07886521317947334,
   "all_queries": 0.07886521317947334,
   "cold_queries": 0.03943260658973667,
   "warm_queries": 0.03943260658973667
  },
  "prewarmQueries": true
 }
}