{
 "ResultFormatVersion": "0.1",
 "RunnerConfig": {
  "DBName": "benchmark_medium",
  "Limit": 0,
  "LimitRPS": 0,
  "MemProfile": "",
  "HDRLatenciesFile": "",
  "Workers": 12,
  "PrintResponses": false,
  "Debug": 0,
  "FileName": "",
  "BurnIn": 0,
  "PrintInterval": 100,
  "PrewarmQueries": true,
  "ResultsFile": "/opt/cluster_performance/query_5_nodes/single_query/timescaledb/medium/timescaledb-queries-low-fuel-medium-1-queries.json"
 },
 "StartTime": 1646326832000,
 "EndTime": 1646329342000,
 "DurationMillis": 2510042,
 "Totals": {
  "burnIn": 0,
  "limit": 0,
  "overallQuantiles": {
   "TimescaleDB_trucks_with_low_fuel": {
    "q0": 0,
    "q100": 1265434.623,
    "q50": 1244528.639,
    "q95": 1265434.623,
    "q99": 1265434.623,
    "q999": 1265434.623
   },
   "all_queries": {
    "q0": 0,
    "q100": 1265434.623,
    "q50": 1244528.639,
    "q95": 1265434.623,
    "q99": 1265434.623,
    "q999": 1265434.623
   },
   "cold_queries": {
    "q0": 0,
    "q100": 1244528.639,
    "q50": 1244528.639,
    "q95": 1244528.639,
    "q99": 1244528.639,
    "q999": 1244528.639
   },
   "warm_queries": {
    "q0": 0,
    "q100": 1265434.623,
    "q50": 1265434.623,
    "q95": 1265434.623,
    "q99": 1265434.623,
    "q999": 1265434.623
   }
  },
  "overallQueryRates": {
   "TimescaleDB_trucks_with_low_fuel": 0.0007968009265416629,
   "all_queries": 0.0007968009265416629,
   "cold_queries": 0.00039840046327083145,
   "warm_queries": 0.00039840046327083145
  },
  "prewarmQueries": true
 }
}