{
 "ResultFormatVersion": "0.1",
 "RunnerConfig": {
  "DBName": "benchmark_medium",
  "Limit": 0,
  "LimitRPS": 0,
  "MemProfile": "",
  "HDRLatenciesFile": "",
  "Workers": 12,
  "PrintResponses": false,
  "Debug": 0,
  "FileName": "",
  "BurnIn": 0,
  "PrintInterval": 100,
  "PrewarmQueries": true,
  "ResultsFile": "/opt/cluster_performance/query_5_nodes/single_query/timescaledb/medium/timescaledb-queries-high-load-medium-1-queries.json"
 },
 "StartTime": 1646321818000,
 "EndTime": 1646324326000,
 "DurationMillis": 2507913,
 "Totals": {
  "burnIn": 0,
  "limit": 0,
  "overallQuantiles": {
   "TimescaleDB_trucks_with_high_load": {
    "q0": 0,
    "q100": 1258356.735,
    "q50": 1249509.375,
    "q95": 1258356.735,
    "q99": 1258356.735,
    "q999": 1258356.735
   },
   "all_queries": {
    "q0": 0,
    "q100": 1258356.735,
    "q50": 1249509.375,
    "q95": 1258356.735,
    "q99": 1258356.735,
    "q999": 1258356.735
   },
   "cold_queries": {
    "q0": 0,
    "q100": 1258356.735,
    "q50": 1258356.735,
    "q95": 1258356.735,
    "q99": 1258356.735,
    "q999": 1258356.735
   },
   "warm_queries": {
    "q0": 0,
    "q100": 1249509.375,
    "q50": 1249509.375,
    "q95": 1249509.375,
    "q99": 1249509.375,
    "q999": 1249509.375
   }
  },
  "overallQueryRates": {
   "TimescaleDB_trucks_with_high_load": 0.0007974770217866781,
   "all_queries": 0.0007974770217866781,
   "cold_queries": 0.00039873851089333907,
   "warm_queries": 0.00039873851089333907
  },
  "prewarmQueries": true
 }
}