{
 "ResultFormatVersion": "0.1",
 "RunnerConfig": {
  "DBName": "benchmark_medium",
  "Limit": 0,
  "LimitRPS": 0,
  "MemProfile": "",
  "HDRLatenciesFile": "",
  "Workers": 12,
  "PrintResponses": false,
  "Debug": 0,
  "FileName": "",
  "BurnIn": 0,
  "PrintInterval": 100,
  "PrewarmQueries": true,
  "ResultsFile": "/opt/cluster_performance/query_5_nodes/single_query/timescaledb/medium/timescaledb-queries-avg-daily-driving-session-medium-1-queries.json"
 },
 "StartTime": 1646321680000,
 "EndTime": 1646321705000,
 "DurationMillis": 24886,
 "Totals": {
  "burnIn": 0,
  "limit": 0,
  "overallQuantiles": {
   "TimescaleDB_average_driver_driving_session_without_stopping_per_day": {
    "q0": 0,
    "q100": 12563.455,
    "q50": 12223.487,
    "q95": 12563.455,
    "q99": 12563.455,
    "q999": 12563.455
   },
   "all_queries": {
    "q0": 0,
    "q100": 12563.455,
    "q50": 12223.487,
    "q95": 12563.455,
    "q99": 12563.455,
    "q999": 12563.455
   },
   "cold_queries": {
    "q0": 0,
    "q100": 12563.455,
    "q50": 12563.455,
    "q95": 12563.455,
    "q99": 12563.455,
    "q999": 12563.455
   },
   "warm_queries": {
    "q0": 0,
    "q100": 12223.487,
    "q50": 12223.487,
    "q95": 12223.487,
    "q99": 12223.487,
    "q999": 12223.487
   }
  },
  "overallQueryRates": {
   "TimescaleDB_average_driver_driving_session_without_stopping_per_day": 0.08038291397821656,
   "all_queries": 0.08038291397821656,
   "cold_queries": 0.04019145698910828,
   "warm_queries": 0.04019145698910828
  },
  "prewarmQueries": true
 }
}