{
 "ResultFormatVersion": "0.1",
 "RunnerConfig": {
  "DBName": "benchmark_small",
  "Limit": 0,
  "LimitRPS": 0,
  "MemProfile": "",
  "HDRLatenciesFile": "",
  "Workers": 12,
  "PrintResponses": false,
  "Debug": 0,
  "FileName": "",
  "BurnIn": 0,
  "PrintInterval": 100,
  "PrewarmQueries": true,
  "ResultsFile": "/opt/cluster_performance/query_1_node/ten_queries/influx/small/influx-queries-avg-daily-driving-session-small-10-queries.json"
 },
 "StartTime": 1646412940000,
 "EndTime": 1646412980000,
 "DurationMillis": 40579,
 "Totals": {
  "burnIn": 0,
  "limit": 0,
  "overallQuantiles": {
   "Influx_average_driver_driving_session_without_stopping_per_day": {
    "q0": 0,
    "q100": 24824.831,
    "q50": 16302.591,
    "q95": 24809.471,
    "q99": 24824.831,
    "q999": 24824.831
   },
   "all_queries": {
    "q0": 0,
    "q100": 24824.831,
    "q50": 16302.591,
    "q95": 24809.471,
    "q99": 24824.831,
    "q999": 24824.831
   },
   "cold_queries": {
    "q0": 0,
    "q100": 24824.831,
    "q50": 24527.871,
    "q95": 24824.831,
    "q99": 24824.831,
    "q999": 24824.831
   },
   "warm_queries": {
    "q0": 0,
    "q100": 16302.591,
    "q50": 15410.175,
    "q95": 16302.591,
    "q99": 16302.591,
    "q999": 16302.591
   }
  },
  "overallQueryRates": {
   "Influx_average_driver_driving_session_without_stopping_per_day": 0.4928854632637246,
   "all_queries": 0.4928854632637246,
   "cold_queries": 0.2464427316318623,
   "warm_queries": 0.2464427316318623
  },
  "prewarmQueries": true
 }
}