{
 "ResultFormatVersion": "0.1",
 "RunnerConfig": {
  "DBName": "benchmark_small",
  "Limit": 0,
  "LimitRPS": 0,
  "MemProfile": "",
  "HDRLatenciesFile": "",
  "Workers": 12,
  "PrintResponses": false,
  "Debug": 0,
  "FileName": "",
  "BurnIn": 0,
  "PrintInterval": 100,
  "PrewarmQueries": true,
  "ResultsFile": "/opt/cluster_performance/query_1_node/ten_queries/influx/small/influx-queries-avg-daily-driving-duration-small-10-queries.json"
 },
 "StartTime": 1646412925000,
 "EndTime": 1646412940000,
 "DurationMillis": 14985,
 "Totals": {
  "burnIn": 0,
  "limit": 0,
  "overallQuantiles": {
   "Influx_average_driver_driving_duration_per_day": {
    "q0": 0,
    "q100": 7735.295,
    "q50": 7205.887,
    "q95": 7729.407,
    "q99": 7735.295,
    "q999": 7735.295
   },
   "all_queries": {
    "q0": 0,
    "q100": 7735.295,
    "q50": 7205.887,
    "q95": 7729.407,
    "q99": 7735.295,
    "q999": 7735.295
   },
   "cold_queries": {
    "q0": 0,
    "q100": 7205.887,
    "q50": 7063.295,
    "q95": 7205.887,
    "q99": 7205.887,
    "q999": 7205.887
   },
   "warm_queries": {
    "q0": 0,
    "q100": 7735.295,
    "q50": 7618.815,
    "q95": 7735.295,
    "q99": 7735.295,
    "q999": 7735.295
   }
  },
  "overallQueryRates": {
   "Influx_average_driver_driving_duration_per_day": 1.3348985641951185,
   "all_queries": 1.3348985641951185,
   "cold_queries": 0.6674492820975593,
   "warm_queries": 0.6674492820975593
  },
  "prewarmQueries": true
 }
}