{
 "ResultFormatVersion": "0.1",
 "RunnerConfig": {
  "DBName": "benchmark_small",
  "Limit": 0,
  "LimitRPS": 0,
  "MemProfile": "",
  "HDRLatenciesFile": "",
  "Workers": 12,
  "PrintResponses": false,
  "Debug": 0,
  "FileName": "",
  "BurnIn": 0,
  "PrintInterval": 100,
  "PrewarmQueries": true,
  "ResultsFile": "/opt/cluster_performance/query_1_node/ten_queries/influx/small/influx-queries-low-fuel-small-10-queries.json"
 },
 "StartTime": 1646413022000,
 "EndTime": 1646413023000,
 "DurationMillis": 710,
 "Totals": {
  "burnIn": 0,
  "limit": 0,
  "overallQuantiles": {
   "Influx_trucks_with_low_fuel": {
    "q0": 0,
    "q100": 342.863,
    "q50": 317.487,
    "q95": 338.655,
    "q99": 342.863,
    "q999": 342.863
   },
   "all_queries": {
    "q0": 0,
    "q100": 342.863,
    "q50": 317.487,
    "q95": 338.655,
    "q99": 342.863,
    "q999": 342.863
   },
   "cold_queries": {
    "q0": 0,
    "q100": 317.487,
    "q50": 289.967,
    "q95": 317.487,
    "q99": 317.487,
    "q999": 317.487
   },
   "warm_queries": {
    "q0": 0,
    "q100": 342.863,
    "q50": 332.527,
    "q95": 342.863,
    "q99": 342.863,
    "q999": 342.863
   }
  },
  "overallQueryRates": {
   "Influx_trucks_with_low_fuel": 28.42756882882965,
   "all_queries": 28.42756882882965,
   "cold_queries": 14.213784414414825,
   "warm_queries": 14.213784414414825
  },
  "prewarmQueries": true
 }
}