{
 "ResultFormatVersion": "0.1",
 "RunnerConfig": {
  "DBName": "benchmark_small",
  "Limit": 0,
  "LimitRPS": 0,
  "MemProfile": "",
  "HDRLatenciesFile": "",
  "Workers": 12,
  "PrintResponses": false,
  "Debug": 0,
  "FileName": "",
  "BurnIn": 0,
  "PrintInterval": 100,
  "PrewarmQueries": true,
  "ResultsFile": "/opt/cluster_performance/query_1_node/ten_queries/influx/small/influx-queries-daily-activity-small-10-queries.json"
 },
 "StartTime": 1646413015000,
 "EndTime": 1646413020000,
 "DurationMillis": 4733,
 "Totals": {
  "burnIn": 0,
  "limit": 0,
  "overallQuantiles": {
   "Influx_daily_truck_activity_per_fleet_per_model": {
    "q0": 0,
    "q100": 2586.623,
    "q50": 2220.031,
    "q95": 2524.799,
    "q99": 2586.623,
    "q999": 2586.623
   },
   "all_queries": {
    "q0": 0,
    "q100": 2586.623,
    "q50": 2220.031,
    "q95": 2524.799,
    "q99": 2586.623,
    "q999": 2586.623
   },
   "cold_queries": {
    "q0": 0,
    "q100": 2586.623,
    "q50": 2298.367,
    "q95": 2586.623,
    "q99": 2586.623,
    "q999": 2586.623
   },
   "warm_queries": {
    "q0": 0,
    "q100": 2288.767,
    "q50": 2155.775,
    "q95": 2288.767,
    "q99": 2288.767,
    "q999": 2288.767
   }
  },
  "overallQueryRates": {
   "Influx_daily_truck_activity_per_fleet_per_model": 4.227495482656859,
   "all_queries": 4.227495482656859,
   "cold_queries": 2.1137477413284294,
   "warm_queries": 2.1137477413284294
  },
  "prewarmQueries": true
 }
}