{
 "ResultFormatVersion": "0.1",
 "RunnerConfig": {
  "DBName": "benchmark_medium",
  "Limit": 0,
  "LimitRPS": 0,
  "MemProfile": "",
  "HDRLatenciesFile": "",
  "Workers": 4,
  "PrintResponses": false,
  "Debug": 0,
  "FileName": "",
  "BurnIn": 0,
  "PrintInterval": 100,
  "PrewarmQueries": true,
  "ResultsFile": "../performance/query/single_query/timescaledb/medium/timescaledb-queries-last-loc-medium-1-queries.json"
 },
 "StartTime": 1646053991000,
 "EndTime": 1646053999000,
 "DurationMillis": 8569,
 "Totals": {
  "burnIn": 0,
  "limit": 0,
  "overallQuantiles": {
   "TimescaleDB_last_location_per_truck": {
    "q0": 0,
    "q100": 8470.527,
    "q50": 6.853,
    "q95": 8470.527,
    "q99": 8470.527,
    "q999": 8470.527
   },
   "all_queries": {
    "q0": 0,
    "q100": 8470.527,
    "q50": 6.853,
    "q95": 8470.527,
    "q99": 8470.527,
    "q999": 8470.527
   },
   "cold_queries": {
    "q0": 0,
    "q100": 8470.527,
    "q50": 8470.527,
    "q95": 8470.527,
    "q99": 8470.527,
    "q999": 8470.527
   },
   "warm_queries": {
    "q0": 0,
    "q100": 6.853,
    "q50": 6.853,
    "q95": 6.853,
    "q99": 6.853,
    "q999": 6.853
   }
  },
  "overallQueryRates": {
   "TimescaleDB_last_location_per_truck": 0.23354146481339713,
   "all_queries": 0.23354146481339713,
   "cold_queries": 0.11677073240669857,
   "warm_queries": 0.11677073240669857
  },
  "prewarmQueries": true
 }
}