{
 "ResultFormatVersion": "0.1",
 "RunnerConfig": {
  "DBName": "benchmark_medium",
  "Limit": 0,
  "LimitRPS": 0,
  "MemProfile": "",
  "HDRLatenciesFile": "",
  "Workers": 4,
  "PrintResponses": false,
  "Debug": 0,
  "FileName": "",
  "BurnIn": 0,
  "PrintInterval": 100,
  "PrewarmQueries": true,
  "ResultsFile": "../performance/query/single_query/timescaledb/medium/timescaledb-queries-high-load-medium-1-queries.json"
 },
 "StartTime": 1646053974000,
 "EndTime": 1646053980000,
 "DurationMillis": 6556,
 "Totals": {
  "burnIn": 0,
  "limit": 0,
  "overallQuantiles": {
   "TimescaleDB_trucks_with_high_load": {
    "q0": 0,
    "q100": 6448.639,
    "q50": 6.635,
    "q95": 6448.639,
    "q99": 6448.639,
    "q999": 6448.639
   },
   "all_queries": {
    "q0": 0,
    "q100": 6448.639,
    "q50": 6.635,
    "q95": 6448.639,
    "q99": 6448.639,
    "q999": 6448.639
   },
   "cold_queries": {
    "q0": 0,
    "q100": 6448.639,
    "q50": 6448.639,
    "q95": 6448.639,
    "q99": 6448.639,
    "q999": 6448.639
   },
   "warm_queries": {
    "q0": 0,
    "q100": 6.635,
    "q50": 6.635,
    "q95": 6.635,
    "q99": 6.635,
    "q999": 6.635
   }
  },
  "overallQueryRates": {
   "TimescaleDB_trucks_with_high_load": 0.3058971188254247,
   "all_queries": 0.3058971188254247,
   "cold_queries": 0.15294855941271235,
   "warm_queries": 0.15294855941271235
  },
  "prewarmQueries": true
 }
}