{
 "ResultFormatVersion": "0.1",
 "RunnerConfig": {
  "DBName": "benchmark_medium",
  "Limit": 0,
  "LimitRPS": 0,
  "MemProfile": "",
  "HDRLatenciesFile": "",
  "Workers": 4,
  "PrintResponses": false,
  "Debug": 0,
  "FileName": "",
  "BurnIn": 0,
  "PrintInterval": 100,
  "PrewarmQueries": true,
  "ResultsFile": "../performance/query/single_query/timescaledb/medium/timescaledb-queries-long-driving-sessions-medium-1-queries.json"
 },
 "StartTime": 1646054011000,
 "EndTime": 1646054015000,
 "DurationMillis": 3894,
 "Totals": {
  "burnIn": 0,
  "limit": 0,
  "overallQuantiles": {
   "TimescaleDB_trucks_with_longer_driving_sessions": {
    "q0": 0,
    "q100": 3406.847,
    "q50": 371.023,
    "q95": 3406.847,
    "q99": 3406.847,
    "q999": 3406.847
   },
   "all_queries": {
    "q0": 0,
    "q100": 3406.847,
    "q50": 371.023,
    "q95": 3406.847,
    "q99": 3406.847,
    "q999": 3406.847
   },
   "cold_queries": {
    "q0": 0,
    "q100": 3406.847,
    "q50": 3406.847,
    "q95": 3406.847,
    "q99": 3406.847,
    "q999": 3406.847
   },
   "warm_queries": {
    "q0": 0,
    "q100": 371.023,
    "q50": 371.023,
    "q95": 371.023,
    "q99": 371.023,
    "q999": 371.023
   }
  },
  "overallQueryRates": {
   "TimescaleDB_trucks_with_longer_driving_sessions": 0.5175401216270678,
   "all_queries": 0.5175401216270678,
   "cold_queries": 0.2587700608135339,
   "warm_queries": 0.2587700608135339
  },
  "prewarmQueries": true
 }
}