{
 "ResultFormatVersion": "0.1",
 "RunnerConfig": {
  "DBName": "benchmark_large",
  "Limit": 0,
  "LimitRPS": 0,
  "MemProfile": "",
  "HDRLatenciesFile": "",
  "Workers": 4,
  "PrintResponses": false,
  "Debug": 0,
  "FileName": "",
  "BurnIn": 0,
  "PrintInterval": 100,
  "PrewarmQueries": true,
  "ResultsFile": "../performance/query/single_query/influx/large/influx-queries-daily-activity-large-1-queries.json"
 },
 "StartTime": 1646235401000,
 "EndTime": 1646235537000,
 "DurationMillis": 136472,
 "Totals": {
  "burnIn": 0,
  "limit": 0,
  "overallQuantiles": {
   "Influx_daily_truck_activity_per_fleet_per_model": {
    "q0": 0,
    "q100": 85475.327,
    "q50": 50810.879,
    "q95": 85475.327,
    "q99": 85475.327,
    "q999": 85475.327
   },
   "all_queries": {
    "q0": 0,
    "q100": 85475.327,
    "q50": 50810.879,
    "q95": 85475.327,
    "q99": 85475.327,
    "q999": 85475.327
   },
   "cold_queries": {
    "q0": 0,
    "q100": 85475.327,
    "q50": 85475.327,
    "q95": 85475.327,
    "q99": 85475.327,
    "q999": 85475.327
   },
   "warm_queries": {
    "q0": 0,
    "q100": 50810.879,
    "q50": 50810.879,
    "q95": 50810.879,
    "q99": 50810.879,
    "q999": 50810.879
   }
  },
  "overallQueryRates": {
   "Influx_daily_truck_activity_per_fleet_per_model": 0.014655108156172058,
   "all_queries": 0.014655108156172058,
   "cold_queries": 0.007327554078086029,
   "warm_queries": 0.007327554078086029
  },
  "prewarmQueries": true
 }
}