{
 "ResultFormatVersion": "0.1",
 "RunnerConfig": {
  "DBName": "benchmark_large",
  "Limit": 0,
  "LimitRPS": 0,
  "MemProfile": "",
  "HDRLatenciesFile": "",
  "Workers": 4,
  "PrintResponses": false,
  "Debug": 0,
  "FileName": "",
  "BurnIn": 0,
  "PrintInterval": 100,
  "PrewarmQueries": true,
  "ResultsFile": "../performance/query/single_query/influx/large/influx-queries-low-fuel-large-1-queries.json"
 },
 "StartTime": 1646235696000,
 "EndTime": 1646235719000,
 "DurationMillis": 23034,
 "Totals": {
  "burnIn": 0,
  "limit": 0,
  "overallQuantiles": {
   "Influx_trucks_with_low_fuel": {
    "q0": 0,
    "q100": 22171.647,
    "q50": 724.927,
    "q95": 22171.647,
    "q99": 22171.647,
    "q999": 22171.647
   },
   "all_queries": {
    "q0": 0,
    "q100": 22171.647,
    "q50": 724.927,
    "q95": 22171.647,
    "q99": 22171.647,
    "q999": 22171.647
   },
   "cold_queries": {
    "q0": 0,
    "q100": 22171.647,
    "q50": 22171.647,
    "q95": 22171.647,
    "q99": 22171.647,
    "q999": 22171.647
   },
   "warm_queries": {
    "q0": 0,
    "q100": 724.927,
    "q50": 724.927,
    "q95": 724.927,
    "q99": 724.927,
    "q999": 724.927
   }
  },
  "overallQueryRates": {
   "Influx_trucks_with_low_fuel": 0.08683223548350982,
   "all_queries": 0.08683223548350982,
   "cold_queries": 0.04341611774175491,
   "warm_queries": 0.04341611774175491
  },
  "prewarmQueries": true
 }
}