{
 "ResultFormatVersion": "0.1",
 "RunnerConfig": {
  "DBName": "benchmark_large",
  "Limit": 0,
  "LimitRPS": 0,
  "MemProfile": "",
  "HDRLatenciesFile": "",
  "Workers": 4,
  "PrintResponses": false,
  "Debug": 0,
  "FileName": "",
  "BurnIn": 0,
  "PrintInterval": 100,
  "PrewarmQueries": true,
  "ResultsFile": "../performance/query/single_query/influx/large/influx-queries-avg-daily-driving-session-large-1-queries.json"
 },
 "StartTime": 16460670000,
 "EndTime": 1646068171000,
 "DurationMillis": 1141271.716,
 "Totals": {
  "burnIn": 0,
  "limit": 0,
  "overallQuantiles": {
   "Influx_average_driver_driving_session_without_stopping_per_day": {
    "q0": 0,
    "q100": 2042317.519,
    "q50": 901045.803,
    "q95": 2042317.519,
    "q99": 2042317.519,
    "q999": 2042317.519
   },
   "all_queries": {
    "q0": 0,
    "q100": 2042317.519,
    "q50": 901045.803,
    "q95": 2042317.519,
    "q99": 2042317.519,
    "q999": 2042317.519
   },
   "cold_queries": {
    "q0": 0,
    "q100": 2042317.519,
    "q50": 2042317.519,
    "q95": 2042317.519,
    "q99": 2042317.519,
    "q999": 2042317.519
   },
   "warm_queries": {
    "q0": 0,
    "q100": 901045.803,
    "q50": 901045.803,
    "q95": 901045.803,
    "q99": 901045.803,
    "q999": 901045.803
   }
  },
  "overallQueryRates": {
   "Influx_average_driver_driving_session_without_stopping_per_day": 0.00175243105,
   "all_queries": 0.00175243105,
   "cold_queries": 0.00087621552,
   "warm_queries": 0.00087621552
  },
  "prewarmQueries": true
 }
}