{
 "ResultFormatVersion": "0.1",
 "RunnerConfig": {
  "DBName": "benchmark_small",
  "Limit": 0,
  "LimitRPS": 0,
  "MemProfile": "",
  "HDRLatenciesFile": "",
  "Workers": 12,
  "PrintResponses": false,
  "Debug": 0,
  "FileName": "",
  "BurnIn": 0,
  "PrintInterval": 100,
  "PrewarmQueries": true,
  "ResultsFile": "/opt/cluster_performance/query_5_nodes/ten_queries/timescaledb/small/timescaledb-queries-long-driving-sessions-small-10-queries.json"
 },
 "StartTime": 1646318413000,
 "EndTime": 1646318416000,
 "DurationMillis": 3047,
 "Totals": {
  "burnIn": 0,
  "limit": 0,
  "overallQuantiles": {
   "TimescaleDB_trucks_with_longer_driving_sessions": {
    "q0": 0,
    "q100": 1627.263,
    "q50": 1367.295,
    "q95": 1627.199,
    "q99": 1627.263,
    "q999": 1627.263
   },
   "all_queries": {
    "q0": 0,
    "q100": 1627.263,
    "q50": 1367.295,
    "q95": 1627.199,
    "q99": 1627.263,
    "q999": 1627.263
   },
   "cold_queries": {
    "q0": 0,
    "q100": 1627.263,
    "q50": 1607.999,
    "q95": 1627.263,
    "q99": 1627.263,
    "q999": 1627.263
   },
   "warm_queries": {
    "q0": 0,
    "q100": 1367.295,
    "q50": 1323.135,
    "q95": 1367.295,
    "q99": 1367.295,
    "q999": 1367.295
   }
  },
  "overallQueryRates": {
   "TimescaleDB_trucks_with_longer_driving_sessions": 6.5801900286498185,
   "all_queries": 6.5801900286498185,
   "cold_queries": 3.2900950143249093,
   "warm_queries": 3.2900950143249093
  },
  "prewarmQueries": true
 }
}