{
 "ResultFormatVersion": "0.1",
 "RunnerConfig": {
  "DBName": "benchmark_small",
  "Limit": 0,
  "LimitRPS": 0,
  "MemProfile": "",
  "HDRLatenciesFile": "",
  "Workers": 12,
  "PrintResponses": false,
  "Debug": 0,
  "FileName": "",
  "BurnIn": 0,
  "PrintInterval": 100,
  "PrewarmQueries": true,
  "ResultsFile": "/opt/cluster_performance/query_5_nodes/ten_queries/timescaledb/small/timescaledb-queries-avg-daily-driving-duration-small-10-queries.json"
 },
 "StartTime": 1646317217000,
 "EndTime": 1646317225000,
 "DurationMillis": 8161,
 "Totals": {
  "burnIn": 0,
  "limit": 0,
  "overallQuantiles": {
   "TimescaleDB_average_driver_driving_duration_per_day": {
    "q0": 0,
    "q100": 4513.535,
    "q50": 3921.023,
    "q95": 4239.871,
    "q99": 4513.535,
    "q999": 4513.535
   },
   "all_queries": {
    "q0": 0,
    "q100": 4513.535,
    "q50": 3921.023,
    "q95": 4239.871,
    "q99": 4513.535,
    "q999": 4513.535
   },
   "cold_queries": {
    "q0": 0,
    "q100": 4513.535,
    "q50": 3921.023,
    "q95": 4513.535,
    "q99": 4513.535,
    "q999": 4513.535
   },
   "warm_queries": {
    "q0": 0,
    "q100": 4032.255,
    "q50": 3891.071,
    "q95": 4032.255,
    "q99": 4032.255,
    "q999": 4032.255
   }
  },
  "overallQueryRates": {
   "TimescaleDB_average_driver_driving_duration_per_day": 2.452229466489524,
   "all_queries": 2.452229466489524,
   "cold_queries": 1.226114733244762,
   "warm_queries": 1.226114733244762
  },
  "prewarmQueries": true
 }
}