{
 "ResultFormatVersion": "0.1",
 "RunnerConfig": {
  "DBName": "benchmark_small",
  "Limit": 0,
  "LimitRPS": 0,
  "MemProfile": "",
  "HDRLatenciesFile": "",
  "Workers": 12,
  "PrintResponses": false,
  "Debug": 0,
  "FileName": "",
  "BurnIn": 0,
  "PrintInterval": 100,
  "PrewarmQueries": true,
  "ResultsFile": "/opt/cluster_performance/query_5_nodes/ten_queries/timescaledb/small/timescaledb-queries-last-loc-small-10-queries.json"
 },
 "StartTime": 1646317838000,
 "EndTime": 1646318413000,
 "DurationMillis": 575052,
 "Totals": {
  "burnIn": 0,
  "limit": 0,
  "overallQuantiles": {
   "TimescaleDB_last_location_per_truck": {
    "q0": 0,
    "q100": 297205.759,
    "q50": 275382.271,
    "q95": 296910.847,
    "q99": 297205.759,
    "q999": 297205.759
   },
   "all_queries": {
    "q0": 0,
    "q100": 297205.759,
    "q50": 275382.271,
    "q95": 296910.847,
    "q99": 297205.759,
    "q999": 297205.759
   },
   "cold_queries": {
    "q0": 0,
    "q100": 297205.759,
    "q50": 274907.135,
    "q95": 297205.759,
    "q99": 297205.759,
    "q999": 297205.759
   },
   "warm_queries": {
    "q0": 0,
    "q100": 277987.327,
    "q50": 275496.959,
    "q95": 277987.327,
    "q99": 277987.327,
    "q999": 277987.327
   }
  },
  "overallQueryRates": {
   "TimescaleDB_last_location_per_truck": 0.03477980260673991,
   "all_queries": 0.03477980260673991,
   "cold_queries": 0.017389901303369953,
   "warm_queries": 0.017389901303369953
  },
  "prewarmQueries": true
 }
}