{
 "ResultFormatVersion": "0.1",
 "RunnerConfig": {
  "DBName": "benchmark_small",
  "Limit": 0,
  "LimitRPS": 0,
  "MemProfile": "",
  "HDRLatenciesFile": "",
  "Workers": 12,
  "PrintResponses": false,
  "Debug": 0,
  "FileName": "",
  "BurnIn": 0,
  "PrintInterval": 100,
  "PrewarmQueries": true,
  "ResultsFile": "/opt/cluster_performance/query/single_query/timescaledb/small/timescaledb-queries-long-driving-sessions-small-1-queries.json"
 },
 "StartTime": 1646182913000,
 "EndTime": 1646182915000,
 "DurationMillis": 1106,
 "Totals": {
  "burnIn": 0,
  "limit": 0,
  "overallQuantiles": {
   "TimescaleDB_trucks_with_longer_driving_sessions": {
    "q0": 0,
    "q100": 560.799,
    "q50": 489.055,
    "q95": 560.799,
    "q99": 560.799,
    "q999": 560.799
   },
   "all_queries": {
    "q0": 0,
    "q100": 560.799,
    "q50": 489.055,
    "q95": 560.799,
    "q99": 560.799,
    "q999": 560.799
   },
   "cold_queries": {
    "q0": 0,
    "q100": 560.799,
    "q50": 560.799,
    "q95": 560.799,
    "q99": 560.799,
    "q999": 560.799
   },
   "warm_queries": {
    "q0": 0,
    "q100": 489.055,
    "q50": 489.055,
    "q95": 489.055,
    "q99": 489.055,
    "q999": 489.055
   }
  },
  "overallQueryRates": {
   "TimescaleDB_trucks_with_longer_driving_sessions": 1.8122634599752099,
   "all_queries": 1.8122634599752099,
   "cold_queries": 0.9061317299876049,
   "warm_queries": 0.9061317299876049
  },
  "prewarmQueries": true
 }
}