{
 "ResultFormatVersion": "0.1",
 "RunnerConfig": {
  "DBName": "benchmark_small",
  "Limit": 0,
  "LimitRPS": 0,
  "MemProfile": "",
  "HDRLatenciesFile": "",
  "Workers": 12,
  "PrintResponses": false,
  "Debug": 0,
  "FileName": "",
  "BurnIn": 0,
  "PrintInterval": 100,
  "PrewarmQueries": true,
  "ResultsFile": "/opt/cluster_performance/query/single_query/timescaledb/small/timescaledb-queries-last-loc-small-1-queries.json"
 },
 "StartTime": 1646182680000,
 "EndTime": 1646182913000,
 "DurationMillis": 233646,
 "Totals": {
  "burnIn": 0,
  "limit": 0,
  "overallQuantiles": {
   "TimescaleDB_last_location_per_truck": {
    "q0": 0,
    "q100": 118575.103,
    "q50": 114954.239,
    "q95": 118575.103,
    "q99": 118575.103,
    "q999": 118575.103
   },
   "all_queries": {
    "q0": 0,
    "q100": 118575.103,
    "q50": 114954.239,
    "q95": 118575.103,
    "q99": 118575.103,
    "q999": 118575.103
   },
   "cold_queries": {
    "q0": 0,
    "q100": 118575.103,
    "q50": 118575.103,
    "q95": 118575.103,
    "q99": 118575.103,
    "q999": 118575.103
   },
   "warm_queries": {
    "q0": 0,
    "q100": 114954.239,
    "q50": 114954.239,
    "q95": 114954.239,
    "q99": 114954.239,
    "q999": 114954.239
   }
  },
  "overallQueryRates": {
   "TimescaleDB_last_location_per_truck": 0.008560145876048158,
   "all_queries": 0.008560145876048158,
   "cold_queries": 0.004280072938024079,
   "warm_queries": 0.004280072938024079
  },
  "prewarmQueries": true
 }
}