{
 "ResultFormatVersion": "0.1",
 "RunnerConfig": {
  "DBName": "benchmark_small",
  "Limit": 0,
  "LimitRPS": 0,
  "MemProfile": "",
  "HDRLatenciesFile": "",
  "Workers": 12,
  "PrintResponses": false,
  "Debug": 0,
  "FileName": "",
  "BurnIn": 0,
  "PrintInterval": 100,
  "PrewarmQueries": true,
  "ResultsFile": "/opt/cluster_performance/query/single_query/timescaledb/small/timescaledb-queries-avg-vs-projected-fuel-consumption-small-1-queries.json"
 },
 "StartTime": 1646182431000,
 "EndTime": 1646182436000,
 "DurationMillis": 5311,
 "Totals": {
  "burnIn": 0,
  "limit": 0,
  "overallQuantiles": {
   "TimescaleDB_average_vs_projected_fuel_consumption_per_fleet": {
    "q0": 0,
    "q100": 2642.559,
    "q50": 2590.463,
    "q95": 2642.559,
    "q99": 2642.559,
    "q999": 2642.559
   },
   "all_queries": {
    "q0": 0,
    "q100": 2642.559,
    "q50": 2590.463,
    "q95": 2642.559,
    "q99": 2642.559,
    "q999": 2642.559
   },
   "cold_queries": {
    "q0": 0,
    "q100": 2642.559,
    "q50": 2642.559,
    "q95": 2642.559,
    "q99": 2642.559,
    "q999": 2642.559
   },
   "warm_queries": {
    "q0": 0,
    "q100": 2590.463,
    "q50": 2590.463,
    "q95": 2590.463,
    "q99": 2590.463,
    "q999": 2590.463
   }
  },
  "overallQueryRates": {
   "TimescaleDB_average_vs_projected_fuel_consumption_per_fleet": 0.3767764065628421,
   "all_queries": 0.3767764065628421,
   "cold_queries": 0.18838820328142106,
   "warm_queries": 0.18838820328142106
  },
  "prewarmQueries": true
 }
}