{
 "ResultFormatVersion": "0.1",
 "RunnerConfig": {
  "DBName": "benchmark_small",
  "Limit": 0,
  "LimitRPS": 0,
  "MemProfile": "",
  "HDRLatenciesFile": "",
  "Workers": 12,
  "PrintResponses": false,
  "Debug": 0,
  "FileName": "",
  "BurnIn": 0,
  "PrintInterval": 100,
  "PrewarmQueries": true,
  "ResultsFile": "/opt/cluster_performance/query_3_nodes/ten_queries/influx/small/influx-queries-avg-load-small-10-queries.json"
 },
 "StartTime": 1646405375000,
 "EndTime": 1646405418000,
 "DurationMillis": 42510,
 "Totals": {
  "burnIn": 0,
  "limit": 0,
  "overallQuantiles": {
   "Influx_average_load_per_truck_model_per_fleet": {
    "q0": 0,
    "q100": 22380.543,
    "q50": 20514.815,
    "q95": 22282.239,
    "q99": 22380.543,
    "q999": 22380.543
   },
   "all_queries": {
    "q0": 0,
    "q100": 22380.543,
    "q50": 20514.815,
    "q95": 22282.239,
    "q99": 22380.543,
    "q999": 22380.543
   },
   "cold_queries": {
    "q0": 0,
    "q100": 22380.543,
    "q50": 21200.895,
    "q95": 22380.543,
    "q99": 22380.543,
    "q999": 22380.543
   },
   "warm_queries": {
    "q0": 0,
    "q100": 21020.671,
    "q50": 20360.191,
    "q95": 21020.671,
    "q99": 21020.671,
    "q999": 21020.671
   }
  },
  "overallQueryRates": {
   "Influx_average_load_per_truck_model_per_fleet": 0.47051047375134986,
   "all_queries": 0.47051047375134986,
   "cold_queries": 0.23525523687567493,
   "warm_queries": 0.23525523687567493
  },
  "prewarmQueries": true
 }
}