{
 "ResultFormatVersion": "0.1",
 "RunnerConfig": {
  "DBName": "benchmark_medium",
  "Limit": 0,
  "LimitRPS": 0,
  "MemProfile": "",
  "HDRLatenciesFile": "",
  "Workers": 12,
  "PrintResponses": false,
  "Debug": 0,
  "FileName": "",
  "BurnIn": 0,
  "PrintInterval": 100,
  "PrewarmQueries": true,
  "ResultsFile": "/opt/cluster_performance/query_5_nodes/ten_queries/timescaledb/medium/timescaledb-queries-last-loc-medium-10-queries.json"
 },
 "StartTime": 1646344000000,
 "EndTime": 1646350072000,
 "DurationMillis": 6072489,
 "Totals": {
  "burnIn": 0,
  "limit": 0,
  "overallQuantiles": {
   "TimescaleDB_last_location_per_truck": {
    "q0": 0,
    "q100": 3215196.159,
    "q50": 2878734.335,
    "q95": 3214016.511,
    "q99": 3215196.159,
    "q999": 3215196.159
   },
   "all_queries": {
    "q0": 0,
    "q100": 3215196.159,
    "q50": 2878734.335,
    "q95": 3214016.511,
    "q99": 3215196.159,
    "q999": 3215196.159
   },
   "cold_queries": {
    "q0": 0,
    "q100": 3215196.159,
    "q50": 2940338.175,
    "q95": 3215196.159,
    "q99": 3215196.159,
    "q999": 3215196.159
   },
   "warm_queries": {
    "q0": 0,
    "q100": 2878734.335,
    "q50": 2874408.959,
    "q95": 2878734.335,
    "q99": 2878734.335,
    "q999": 2878734.335
   }
  },
  "overallQueryRates": {
   "TimescaleDB_last_location_per_truck": 0.0032935562422943894,
   "all_queries": 0.0032935562422943894,
   "cold_queries": 0.0016467781211471947,
   "warm_queries": 0.0016467781211471947
  },
  "prewarmQueries": true
 }
}