{
 "ResultFormatVersion": "0.1",
 "RunnerConfig": {
  "DBName": "benchmark_medium",
  "Limit": 0,
  "LimitRPS": 0,
  "MemProfile": "",
  "HDRLatenciesFile": "",
  "Workers": 12,
  "PrintResponses": false,
  "Debug": 0,
  "FileName": "",
  "BurnIn": 0,
  "PrintInterval": 100,
  "PrewarmQueries": true,
  "ResultsFile": "/opt/cluster_performance/query_5_nodes/ten_queries/timescaledb/medium/timescaledb-queries-low-fuel-medium-10-queries.json"
 },
 "StartTime": 1646350076000,
 "EndTime": 1646355782000,
 "DurationMillis": 5705917,
 "Totals": {
  "burnIn": 0,
  "limit": 0,
  "overallQuantiles": {
   "TimescaleDB_trucks_with_low_fuel": {
    "q0": 0,
    "q100": 2952265.727,
    "q50": 2714632.191,
    "q95": 2951348.223,
    "q99": 2952265.727,
    "q999": 2952265.727
   },
   "all_queries": {
    "q0": 0,
    "q100": 2952265.727,
    "q50": 2714632.191,
    "q95": 2951348.223,
    "q99": 2952265.727,
    "q999": 2952265.727
   },
   "cold_queries": {
    "q0": 0,
    "q100": 2952265.727,
    "q50": 2710568.959,
    "q95": 2952265.727,
    "q99": 2952265.727,
    "q999": 2952265.727
   },
   "warm_queries": {
    "q0": 0,
    "q100": 2754478.079,
    "q50": 2717384.703,
    "q95": 2754478.079,
    "q99": 2754478.079,
    "q999": 2754478.079
   }
  },
  "overallQueryRates": {
   "TimescaleDB_trucks_with_low_fuel": 0.003505136623557151,
   "all_queries": 0.003505136623557151,
   "cold_queries": 0.0017525683117785755,
   "warm_queries": 0.0017525683117785755
  },
  "prewarmQueries": true
 }
}