{
 "ResultFormatVersion": "0.1",
 "RunnerConfig": {
  "DBName": "benchmark_medium",
  "Limit": 0,
  "LimitRPS": 0,
  "MemProfile": "",
  "HDRLatenciesFile": "",
  "Workers": 12,
  "PrintResponses": false,
  "Debug": 0,
  "FileName": "",
  "BurnIn": 0,
  "PrintInterval": 100,
  "PrewarmQueries": true,
  "ResultsFile": "/opt/cluster_performance/query_5_nodes/ten_queries/timescaledb/medium/timescaledb-queries-stationary-trucks-medium-10-queries.json"
 },
 "StartTime": 1646355782000,
 "EndTime": 1646355783000,
 "DurationMillis": 599,
 "Totals": {
  "burnIn": 0,
  "limit": 0,
  "overallQuantiles": {
   "TimescaleDB_stationary_trucks": {
    "q0": 0,
    "q100": 355.951,
    "q50": 146.351,
    "q95": 343.855,
    "q99": 355.951,
    "q999": 355.951
   },
   "all_queries": {
    "q0": 0,
    "q100": 355.951,
    "q50": 146.351,
    "q95": 343.855,
    "q99": 355.951,
    "q999": 355.951
   },
   "cold_queries": {
    "q0": 0,
    "q100": 355.951,
    "q50": 314.111,
    "q95": 355.951,
    "q99": 355.951,
    "q999": 355.951
   },
   "warm_queries": {
    "q0": 0,
    "q100": 146.351,
    "q50": 130.943,
    "q95": 146.351,
    "q99": 146.351,
    "q999": 146.351
   }
  },
  "overallQueryRates": {
   "TimescaleDB_stationary_trucks": 36.473614257973495,
   "all_queries": 36.473614257973495,
   "cold_queries": 18.236807128986747,
   "warm_queries": 18.236807128986747
  },
  "prewarmQueries": true
 }
}