{
 "ResultFormatVersion": "0.1",
 "RunnerConfig": {
  "DBName": "benchmark_medium",
  "Limit": 0,
  "LimitRPS": 0,
  "MemProfile": "",
  "HDRLatenciesFile": "",
  "Workers": 12,
  "PrintResponses": false,
  "Debug": 0,
  "FileName": "",
  "BurnIn": 0,
  "PrintInterval": 100,
  "PrewarmQueries": true,
  "ResultsFile": "/opt/cluster_performance/query_5_nodes/ten_queries/timescaledb/medium/timescaledb-queries-high-load-medium-10-queries.json"
 },
 "StartTime": 1646338358000,
 "EndTime": 1646343999000,
 "DurationMillis": 5641581,
 "Totals": {
  "burnIn": 0,
  "limit": 0,
  "overallQuantiles": {
   "TimescaleDB_trucks_with_high_load": {
    "q0": 0,
    "q100": 2936930.303,
    "q50": 2692612.095,
    "q95": 2935357.439,
    "q99": 2936930.303,
    "q999": 2936930.303
   },
   "all_queries": {
    "q0": 0,
    "q100": 2936930.303,
    "q50": 2692612.095,
    "q95": 2935357.439,
    "q99": 2936930.303,
    "q999": 2936930.303
   },
   "cold_queries": {
    "q0": 0,
    "q100": 2936930.303,
    "q50": 2694709.247,
    "q95": 2936930.303,
    "q99": 2936930.303,
    "q999": 2936930.303
   },
   "warm_queries": {
    "q0": 0,
    "q100": 2705588.223,
    "q50": 2689073.151,
    "q95": 2705588.223,
    "q99": 2705588.223,
    "q999": 2705588.223
   }
  },
  "overallQueryRates": {
   "TimescaleDB_trucks_with_high_load": 0.0035451534813571426,
   "all_queries": 0.0035451534813571426,
   "cold_queries": 0.0017725767406785713,
   "warm_queries": 0.0017725767406785713
  },
  "prewarmQueries": true
 }
}