{
 "ResultFormatVersion": "0.1",
 "RunnerConfig": {
  "DBName": "benchmark_medium",
  "Limit": 0,
  "LimitRPS": 0,
  "MemProfile": "",
  "HDRLatenciesFile": "",
  "Workers": 12,
  "PrintResponses": false,
  "Debug": 0,
  "FileName": "",
  "BurnIn": 0,
  "PrintInterval": 100,
  "PrewarmQueries": true,
  "ResultsFile": "/opt/cluster_performance/query_1_node/ten_queries/influx/medium/influx-queries-daily-activity-medium-10-queries.json"
 },
 "StartTime": 1647524547000,
 "EndTime": 1647524591000,
 "DurationMillis": 43750,
 "Totals": {
  "burnIn": 0,
  "limit": 0,
  "overallQuantiles": {
   "Influx_daily_truck_activity_per_fleet_per_model": {
    "q0": 0,
    "q100": 22724.607,
    "q50": 21563.391,
    "q95": 22529.023,
    "q99": 22724.607,
    "q999": 22724.607
   },
   "all_queries": {
    "q0": 0,
    "q100": 22724.607,
    "q50": 21563.391,
    "q95": 22529.023,
    "q99": 22724.607,
    "q999": 22724.607
   },
   "cold_queries": {
    "q0": 0,
    "q100": 21563.391,
    "q50": 21139.455,
    "q95": 21563.391,
    "q99": 21563.391,
    "q999": 21563.391
   },
   "warm_queries": {
    "q0": 0,
    "q100": 22724.607,
    "q50": 22257.663,
    "q95": 22724.607,
    "q99": 22724.607,
    "q999": 22724.607
   }
  },
  "overallQueryRates": {
   "Influx_daily_truck_activity_per_fleet_per_model": 0.4571525163836833,
   "all_queries": 0.4571525163836833,
   "cold_queries": 0.22857625819184166,
   "warm_queries": 0.22857625819184166
  },
  "prewarmQueries": true
 }
}