{
 "ResultFormatVersion": "0.1",
 "RunnerConfig": {
  "DBName": "benchmark_medium",
  "Limit": 0,
  "LimitRPS": 0,
  "MemProfile": "",
  "HDRLatenciesFile": "",
  "Workers": 12,
  "PrintResponses": false,
  "Debug": 0,
  "FileName": "",
  "BurnIn": 0,
  "PrintInterval": 100,
  "PrewarmQueries": true,
  "ResultsFile": "/opt/cluster_performance/query_1_node/single_query/timescaledb/medium/timescaledb-queries-breakdown-frequency-medium-1-queries.json"
 },
 "StartTime": 1646417891000,
 "EndTime": 1646417916000,
 "DurationMillis": 24980,
 "Totals": {
  "burnIn": 0,
  "limit": 0,
  "overallQuantiles": {
   "TimescaleDB_truck_breakdown_frequency_per_model": {
    "q0": 0,
    "q100": 13324.799,
    "q50": 11554.815,
    "q95": 13324.799,
    "q99": 13324.799,
    "q999": 13324.799
   },
   "all_queries": {
    "q0": 0,
    "q100": 13324.799,
    "q50": 11554.815,
    "q95": 13324.799,
    "q99": 13324.799,
    "q999": 13324.799
   },
   "cold_queries": {
    "q0": 0,
    "q100": 13324.799,
    "q50": 13324.799,
    "q95": 13324.799,
    "q99": 13324.799,
    "q999": 13324.799
   },
   "warm_queries": {
    "q0": 0,
    "q100": 11554.815,
    "q50": 11554.815,
    "q95": 11554.815,
    "q99": 11554.815,
    "q999": 11554.815
   }
  },
  "overallQueryRates": {
   "TimescaleDB_truck_breakdown_frequency_per_model": 0.08007628194740361,
   "all_queries": 0.08007628194740361,
   "cold_queries": 0.040038140973701807,
   "warm_queries": 0.040038140973701807
  },
  "prewarmQueries": true
 }
}