{
 "ResultFormatVersion": "0.1",
 "RunnerConfig": {
  "DBName": "benchmark_medium",
  "Limit": 0,
  "LimitRPS": 0,
  "MemProfile": "",
  "HDRLatenciesFile": "",
  "Workers": 12,
  "PrintResponses": false,
  "Debug": 0,
  "FileName": "",
  "BurnIn": 0,
  "PrintInterval": 100,
  "PrewarmQueries": true,
  "ResultsFile": "/opt/cluster_performance/query_1_node/single_query/timescaledb/medium/timescaledb-queries-high-load-medium-1-queries.json"
 },
 "StartTime": 1646417938000,
 "EndTime": 1646418029000,
 "DurationMillis": 91002,
 "Totals": {
  "burnIn": 0,
  "limit": 0,
  "overallQuantiles": {
   "TimescaleDB_trucks_with_high_load": {
    "q0": 0,
    "q100": 53526.527,
    "q50": 37359.615,
    "q95": 53526.527,
    "q99": 53526.527,
    "q999": 53526.527
   },
   "all_queries": {
    "q0": 0,
    "q100": 53526.527,
    "q50": 37359.615,
    "q95": 53526.527,
    "q99": 53526.527,
    "q999": 53526.527
   },
   "cold_queries": {
    "q0": 0,
    "q100": 53526.527,
    "q50": 53526.527,
    "q95": 53526.527,
    "q99": 53526.527,
    "q999": 53526.527
   },
   "warm_queries": {
    "q0": 0,
    "q100": 37359.615,
    "q50": 37359.615,
    "q95": 37359.615,
    "q99": 37359.615,
    "q999": 37359.615
   }
  },
  "overallQueryRates": {
   "TimescaleDB_trucks_with_high_load": 0.021978223984467478,
   "all_queries": 0.021978223984467478,
   "cold_queries": 0.010989111992233739,
   "warm_queries": 0.010989111992233739
  },
  "prewarmQueries": true
 }
}