{
 "ResultFormatVersion": "0.1",
 "RunnerConfig": {
  "DBName": "benchmark_small",
  "Limit": 0,
  "LimitRPS": 0,
  "MemProfile": "",
  "HDRLatenciesFile": "",
  "Workers": 4,
  "PrintResponses": false,
  "Debug": 0,
  "FileName": "",
  "BurnIn": 0,
  "PrintInterval": 100,
  "PrewarmQueries": true,
  "ResultsFile": "../performance/query/ten_queries/influx/small/influx-queries-last-loc-small-10-queries.json"
 },
 "StartTime": 1646252600000,
 "EndTime": 1646252601000,
 "DurationMillis": 1608,
 "Totals": {
  "burnIn": 0,
  "limit": 0,
  "overallQuantiles": {
   "Influx_last_location_per_truck": {
    "q0": 0,
    "q100": 983.679,
    "q50": 124.007,
    "q95": 941.887,
    "q99": 983.679,
    "q999": 983.679
   },
   "all_queries": {
    "q0": 0,
    "q100": 983.679,
    "q50": 124.007,
    "q95": 941.887,
    "q99": 983.679,
    "q999": 983.679
   },
   "cold_queries": {
    "q0": 0,
    "q100": 983.679,
    "q50": 120.615,
    "q95": 983.679,
    "q99": 983.679,
    "q999": 983.679
   },
   "warm_queries": {
    "q0": 0,
    "q100": 214.175,
    "q50": 124.575,
    "q95": 214.175,
    "q99": 214.175,
    "q999": 214.175
   }
  },
  "overallQueryRates": {
   "Influx_last_location_per_truck": 12.453655348379735,
   "all_queries": 12.453655348379735,
   "cold_queries": 6.226827674189868,
   "warm_queries": 6.226827674189868
  },
  "prewarmQueries": true
 }
}