{
 "ResultFormatVersion": "0.1",
 "RunnerConfig": {
  "DBName": "benchmark_small",
  "Limit": 0,
  "LimitRPS": 0,
  "MemProfile": "",
  "HDRLatenciesFile": "",
  "Workers": 4,
  "PrintResponses": false,
  "Debug": 0,
  "FileName": "",
  "BurnIn": 0,
  "PrintInterval": 100,
  "PrewarmQueries": true,
  "ResultsFile": "../performance/query/ten_queries/influx/small/influx-queries-low-fuel-small-10-queries.json"
 },
 "StartTime": 1646252652000,
 "EndTime": 1646252653000,
 "DurationMillis": 1144,
 "Totals": {
  "burnIn": 0,
  "limit": 0,
  "overallQuantiles": {
   "Influx_trucks_with_low_fuel": {
    "q0": 0,
    "q100": 495.903,
    "q50": 132.399,
    "q95": 444.927,
    "q99": 495.903,
    "q999": 495.903
   },
   "all_queries": {
    "q0": 0,
    "q100": 495.903,
    "q50": 132.399,
    "q95": 444.927,
    "q99": 495.903,
    "q999": 495.903
   },
   "cold_queries": {
    "q0": 0,
    "q100": 495.903,
    "q50": 123.203,
    "q95": 495.903,
    "q99": 495.903,
    "q999": 495.903
   },
   "warm_queries": {
    "q0": 0,
    "q100": 219.327,
    "q50": 132.399,
    "q95": 219.327,
    "q99": 219.327,
    "q999": 219.327
   }
  },
  "overallQueryRates": {
   "Influx_trucks_with_low_fuel": 17.499745982437194,
   "all_queries": 17.499745982437194,
   "cold_queries": 8.749872991218597,
   "warm_queries": 8.749872991218597
  },
  "prewarmQueries": true
 }
}