{
 "ResultFormatVersion": "0.1",
 "RunnerConfig": {
  "DBName": "benchmark_small",
  "Limit": 0,
  "LimitRPS": 0,
  "MemProfile": "",
  "HDRLatenciesFile": "",
  "Workers": 4,
  "PrintResponses": false,
  "Debug": 0,
  "FileName": "",
  "BurnIn": 0,
  "PrintInterval": 100,
  "PrewarmQueries": true,
  "ResultsFile": "../performance/query/ten_queries/influx/small/influx-queries-avg-vs-projected-fuel-consumption-small-10-queries.json"
 },
 "StartTime": 1646252465000,
 "EndTime": 1646252472000,
 "DurationMillis": 6855,
 "Totals": {
  "burnIn": 0,
  "limit": 0,
  "overallQuantiles": {
   "Influx_average_vs_projected_fuel_consumption_per_fleet": {
    "q0": 0,
    "q100": 2532.991,
    "q50": 1105.407,
    "q95": 2081.855,
    "q99": 2532.991,
    "q999": 2532.991
   },
   "all_queries": {
    "q0": 0,
    "q100": 2532.991,
    "q50": 1105.407,
    "q95": 2081.855,
    "q99": 2532.991,
    "q999": 2532.991
   },
   "cold_queries": {
    "q0": 0,
    "q100": 2532.991,
    "q50": 1154.751,
    "q95": 2532.991,
    "q99": 2532.991,
    "q999": 2532.991
   },
   "warm_queries": {
    "q0": 0,
    "q100": 1389.247,
    "q50": 994.655,
    "q95": 1389.247,
    "q99": 1389.247,
    "q999": 1389.247
   }
  },
  "overallQueryRates": {
   "Influx_average_vs_projected_fuel_consumption_per_fleet": 2.918653891514667,
   "all_queries": 2.918653891514667,
   "cold_queries": 1.4593269457573335,
   "warm_queries": 1.4593269457573335
  },
  "prewarmQueries": true
 }
}