{
 "ResultFormatVersion": "0.1",
 "RunnerConfig": {
  "DBName": "benchmark_small",
  "Limit": 0,
  "LimitRPS": 0,
  "MemProfile": "",
  "HDRLatenciesFile": "",
  "Workers": 4,
  "PrintResponses": false,
  "Debug": 0,
  "FileName": "",
  "BurnIn": 0,
  "PrintInterval": 100,
  "PrewarmQueries": true,
  "ResultsFile": "../performance/query/ten_queries/influx/small/influx-queries-avg-load-small-10-queries.json"
 },
 "StartTime": 1646252415000,
 "EndTime": 1646252441000,
 "DurationMillis": 25756,
 "Totals": {
  "burnIn": 0,
  "limit": 0,
  "overallQuantiles": {
   "Influx_average_load_per_truck_model_per_fleet": {
    "q0": 0,
    "q100": 5155.839,
    "q50": 4697.343,
    "q95": 5092.095,
    "q99": 5155.839,
    "q999": 5155.839
   },
   "all_queries": {
    "q0": 0,
    "q100": 5155.839,
    "q50": 4697.343,
    "q95": 5092.095,
    "q99": 5155.839,
    "q999": 5155.839
   },
   "cold_queries": {
    "q0": 0,
    "q100": 5155.839,
    "q50": 4777.471,
    "q95": 5155.839,
    "q99": 5155.839,
    "q999": 5155.839
   },
   "warm_queries": {
    "q0": 0,
    "q100": 4785.151,
    "q50": 4665.855,
    "q95": 4785.151,
    "q99": 4785.151,
    "q999": 4785.151
   }
  },
  "overallQueryRates": {
   "Influx_average_load_per_truck_model_per_fleet": 0.7765831950022385,
   "all_queries": 0.7765831950022385,
   "cold_queries": 0.38829159750111925,
   "warm_queries": 0.38829159750111925
  },
  "prewarmQueries": true
 }
}