{
 "ResultFormatVersion": "0.1",
 "RunnerConfig": {
  "DBName": "benchmark_medium",
  "Limit": 0,
  "LimitRPS": 0,
  "MemProfile": "",
  "HDRLatenciesFile": "",
  "Workers": 4,
  "PrintResponses": false,
  "Debug": 0,
  "FileName": "",
  "BurnIn": 0,
  "PrintInterval": 100,
  "PrewarmQueries": true,
  "ResultsFile": "../performance/query/ten_queries/influx/medium/influx-queries-last-loc-medium-10-queries.json"
 },
 "StartTime": 1646284739000,
 "EndTime": 1646284750000,
 "DurationMillis": 10852,
 "Totals": {
  "burnIn": 0,
  "limit": 0,
  "overallQuantiles": {
   "Influx_last_location_per_truck": {
    "q0": 0,
    "q100": 9554.943,
    "q50": 367.135,
    "q95": 8883.711,
    "q99": 9554.943,
    "q999": 9554.943
   },
   "all_queries": {
    "q0": 0,
    "q100": 9554.943,
    "q50": 367.135,
    "q95": 8883.711,
    "q99": 9554.943,
    "q999": 9554.943
   },
   "cold_queries": {
    "q0": 0,
    "q100": 9554.943,
    "q50": 396.287,
    "q95": 9554.943,
    "q99": 9554.943,
    "q999": 9554.943
   },
   "warm_queries": {
    "q0": 0,
    "q100": 405.119,
    "q50": 345.999,
    "q95": 405.119,
    "q99": 405.119,
    "q999": 405.119
   }
  },
  "overallQueryRates": {
   "Influx_last_location_per_truck": 1.8484026341262467,
   "all_queries": 1.8484026341262467,
   "cold_queries": 0.9242013170631234,
   "warm_queries": 0.9242013170631234
  },
  "prewarmQueries": true
 }
}