{
 "ResultFormatVersion": "0.1",
 "RunnerConfig": {
  "DBName": "benchmark_medium",
  "Limit": 0,
  "LimitRPS": 0,
  "MemProfile": "",
  "HDRLatenciesFile": "",
  "Workers": 4,
  "PrintResponses": false,
  "Debug": 0,
  "FileName": "",
  "BurnIn": 0,
  "PrintInterval": 100,
  "PrewarmQueries": true,
  "ResultsFile": "../performance/query/ten_queries/influx/medium/influx-queries-stationary-trucks-medium-10-queries.json"
 },
 "StartTime": 1646284832000,
 "EndTime": 1646284882000,
 "DurationMillis": 50277,
 "Totals": {
  "burnIn": 0,
  "limit": 0,
  "overallQuantiles": {
   "Influx_stationary_trucks": {
    "q0": 0,
    "q100": 37742.591,
    "q50": 3328.127,
    "q95": 37679.103,
    "q99": 37742.591,
    "q999": 37742.591
   },
   "all_queries": {
    "q0": 0,
    "q100": 37742.591,
    "q50": 3328.127,
    "q95": 37679.103,
    "q99": 37742.591,
    "q999": 37742.591
   },
   "cold_queries": {
    "q0": 0,
    "q100": 37742.591,
    "q50": 3668.863,
    "q95": 37742.591,
    "q99": 37742.591,
    "q999": 37742.591
   },
   "warm_queries": {
    "q0": 0,
    "q100": 3474.687,
    "q50": 2971.007,
    "q95": 3474.687,
    "q99": 3474.687,
    "q999": 3474.687
   }
  },
  "overallQueryRates": {
   "Influx_stationary_trucks": 0.3978100022650057,
   "all_queries": 0.3978100022650057,
   "cold_queries": 0.19890500113250284,
   "warm_queries": 0.19890500113250284
  },
  "prewarmQueries": true
 }
}