{
    "ResultFormatVersion": "0.1",
    "RunnerConfig": {
     "DBName": "benchmark_medium",
     "Limit": 0,
     "LimitRPS": 0,
     "MemProfile": "",
     "HDRLatenciesFile": "",
     "Workers": 4,
     "PrintResponses": false,
     "Debug": 0,
     "FileName": "",
     "BurnIn": 0,
     "PrintInterval": 100,
     "PrewarmQueries": true,
     "ResultsFile": "../performance/query/ten_queries/influx/medium/influx-queries-avg-daily-driving-session-medium-10-queries.json"
    },
    "StartTime": 1646250945000,
    "EndTime": 1646251028000,
    "DurationMillis": 83623,
    "Totals": {
     "burnIn": 0,
     "limit": 0,
     "overallQuantiles": {
      "influx_average_driver_driving_session_without_stopping_per_day": {
       "q0": 0,
       "q100": 35016.191,
       "q50": 10837.503,
       "q95": 36360.191,
       "q99": 43016.191,
       "q999": 43016.191
      },
      "all_queries": {
       "q0": 0,
       "q100": 42016.191,
       "q50": 21837.503,
       "q95": 36360.191,
       "q99": 43016.191,
       "q999": 43016.191
      },
      "cold_queries": {
       "q0": 0,
       "q100": 43016.191,
       "q50": 10963.967,
       "q95": 43016.191,
       "q99": 43016.191,
       "q999": 43016.191
      },
      "warm_queries": {
       "q0": 0,
       "q100": 17166.335,
       "q50": 9158.143,
       "q95": 17166.335,
       "q99": 17166.335,
       "q999": 17166.335
      }
     },
     "overallQueryRates": {
      "influx_average_driver_driving_session_without_stopping_per_day": 0.23919789179360623,
      "all_queries": 0.23919789179360623,
      "cold_queries": 0.11959894589680312,
      "warm_queries": 0.11959894589680312
     },
     "prewarmQueries": true
    }
   }