{
 "ResultFormatVersion": "0.1",
 "RunnerConfig": {
  "DBName": "benchmark_small",
  "Limit": 0,
  "LimitRPS": 0,
  "MemProfile": "",
  "HDRLatenciesFile": "",
  "Workers": 12,
  "PrintResponses": false,
  "Debug": 0,
  "FileName": "",
  "BurnIn": 0,
  "PrintInterval": 100,
  "PrewarmQueries": true,
  "ResultsFile": "/opt/cluster_performance/query_1_node/single_query/timescaledb/small/timescaledb-queries-low-fuel-small-1-queries.json"
 },
 "StartTime": 1646415333000,
 "EndTime": 1646415377000,
 "DurationMillis": 44432,
 "Totals": {
  "burnIn": 0,
  "limit": 0,
  "overallQuantiles": {
   "TimescaleDB_trucks_with_low_fuel": {
    "q0": 0,
    "q100": 24415.231,
    "q50": 19890.175,
    "q95": 24415.231,
    "q99": 24415.231,
    "q999": 24415.231
   },
   "all_queries": {
    "q0": 0,
    "q100": 24415.231,
    "q50": 19890.175,
    "q95": 24415.231,
    "q99": 24415.231,
    "q999": 24415.231
   },
   "cold_queries": {
    "q0": 0,
    "q100": 24415.231,
    "q50": 24415.231,
    "q95": 24415.231,
    "q99": 24415.231,
    "q999": 24415.231
   },
   "warm_queries": {
    "q0": 0,
    "q100": 19890.175,
    "q50": 19890.175,
    "q95": 19890.175,
    "q99": 19890.175,
    "q999": 19890.175
   }
  },
  "overallQueryRates": {
   "TimescaleDB_trucks_with_low_fuel": 0.0450164945500387,
   "all_queries": 0.0450164945500387,
   "cold_queries": 0.02250824727501935,
   "warm_queries": 0.02250824727501935
  },
  "prewarmQueries": true
 }
}