{
 "ResultFormatVersion": "0.1",
 "RunnerConfig": {
  "DBName": "benchmark_small",
  "Limit": 0,
  "LimitRPS": 0,
  "MemProfile": "",
  "HDRLatenciesFile": "",
  "Workers": 12,
  "PrintResponses": false,
  "Debug": 0,
  "FileName": "",
  "BurnIn": 0,
  "PrintInterval": 100,
  "PrewarmQueries": true,
  "ResultsFile": "/opt/cluster_performance/query_1_node/single_query/timescaledb/small/timescaledb-queries-stationary-trucks-small-1-queries.json"
 },
 "StartTime": 1646415377000,
 "EndTime": 1646415377000,
 "DurationMillis": 231,
 "Totals": {
  "burnIn": 0,
  "limit": 0,
  "overallQuantiles": {
   "TimescaleDB_stationary_trucks": {
    "q0": 0,
    "q100": 109.571,
    "q50": 75.835,
    "q95": 109.571,
    "q99": 109.571,
    "q999": 109.571
   },
   "all_queries": {
    "q0": 0,
    "q100": 109.571,
    "q50": 75.835,
    "q95": 109.571,
    "q99": 109.571,
    "q999": 109.571
   },
   "cold_queries": {
    "q0": 0,
    "q100": 109.571,
    "q50": 109.571,
    "q95": 109.571,
    "q99": 109.571,
    "q999": 109.571
   },
   "warm_queries": {
    "q0": 0,
    "q100": 75.835,
    "q50": 75.835,
    "q95": 75.835,
    "q99": 75.835,
    "q999": 75.835
   }
  },
  "overallQueryRates": {
   "TimescaleDB_stationary_trucks": 8.848492570805638,
   "all_queries": 8.848492570805638,
   "cold_queries": 4.424246285402819,
   "warm_queries": 4.424246285402819
  },
  "prewarmQueries": true
 }
}