{
 "ResultFormatVersion": "0.1",
 "RunnerConfig": {
  "DBName": "benchmark_small",
  "Limit": 0,
  "LimitRPS": 0,
  "MemProfile": "",
  "HDRLatenciesFile": "",
  "Workers": 12,
  "PrintResponses": false,
  "Debug": 0,
  "FileName": "",
  "BurnIn": 0,
  "PrintInterval": 100,
  "PrewarmQueries": true,
  "ResultsFile": "/opt/cluster_performance/query_1_node/single_query/timescaledb/small/timescaledb-queries-last-loc-small-1-queries.json"
 },
 "StartTime": 1646415263000,
 "EndTime": 1646415298000,
 "DurationMillis": 35605,
 "Totals": {
  "burnIn": 0,
  "limit": 0,
  "overallQuantiles": {
   "TimescaleDB_last_location_per_truck": {
    "q0": 0,
    "q100": 18437.119,
    "q50": 17060.863,
    "q95": 18437.119,
    "q99": 18437.119,
    "q999": 18437.119
   },
   "all_queries": {
    "q0": 0,
    "q100": 18437.119,
    "q50": 17060.863,
    "q95": 18437.119,
    "q99": 18437.119,
    "q999": 18437.119
   },
   "cold_queries": {
    "q0": 0,
    "q100": 18437.119,
    "q50": 18437.119,
    "q95": 18437.119,
    "q99": 18437.119,
    "q999": 18437.119
   },
   "warm_queries": {
    "q0": 0,
    "q100": 17060.863,
    "q50": 17060.863,
    "q95": 17060.863,
    "q99": 17060.863,
    "q999": 17060.863
   }
  },
  "overallQueryRates": {
   "TimescaleDB_last_location_per_truck": 0.05617770869867102,
   "all_queries": 0.05617770869867102,
   "cold_queries": 0.02808885434933551,
   "warm_queries": 0.02808885434933551
  },
  "prewarmQueries": true
 }
}