{
 "ResultFormatVersion": "0.1",
 "RunnerConfig": {
  "DBName": "benchmark_small",
  "Limit": 0,
  "LimitRPS": 0,
  "MemProfile": "",
  "HDRLatenciesFile": "",
  "Workers": 12,
  "PrintResponses": false,
  "Debug": 0,
  "FileName": "",
  "BurnIn": 0,
  "PrintInterval": 100,
  "PrewarmQueries": true,
  "ResultsFile": "/opt/cluster_performance/query_1_node/single_query/timescaledb/small/timescaledb-queries-long-driving-sessions-small-1-queries.json"
 },
 "StartTime": 1646415298000,
 "EndTime": 1646415333000,
 "DurationMillis": 34190,
 "Totals": {
  "burnIn": 0,
  "limit": 0,
  "overallQuantiles": {
   "TimescaleDB_trucks_with_longer_driving_sessions": {
    "q0": 0,
    "q100": 19426.303,
    "q50": 14588.415,
    "q95": 19426.303,
    "q99": 19426.303,
    "q999": 19426.303
   },
   "all_queries": {
    "q0": 0,
    "q100": 19426.303,
    "q50": 14588.415,
    "q95": 19426.303,
    "q99": 19426.303,
    "q999": 19426.303
   },
   "cold_queries": {
    "q0": 0,
    "q100": 14588.415,
    "q50": 14588.415,
    "q95": 14588.415,
    "q99": 14588.415,
    "q999": 14588.415
   },
   "warm_queries": {
    "q0": 0,
    "q100": 19426.303,
    "q50": 19426.303,
    "q95": 19426.303,
    "q99": 19426.303,
    "q999": 19426.303
   }
  },
  "overallQueryRates": {
   "TimescaleDB_trucks_with_longer_driving_sessions": 0.05850271172500671,
   "all_queries": 0.05850271172500671,
   "cold_queries": 0.029251355862503357,
   "warm_queries": 0.029251355862503357
  },
  "prewarmQueries": true
 }
}