{
 "ResultFormatVersion": "0.1",
 "RunnerConfig": {
  "DBName": "benchmark_small",
  "Limit": 0,
  "LimitRPS": 0,
  "MemProfile": "",
  "HDRLatenciesFile": "",
  "Workers": 12,
  "PrintResponses": false,
  "Debug": 0,
  "FileName": "",
  "BurnIn": 0,
  "PrintInterval": 100,
  "PrewarmQueries": true,
  "ResultsFile": "/opt/cluster_performance/query_1_node/single_query/timescaledb/small/timescaledb-queries-avg-daily-driving-duration-small-1-queries.json"
 },
 "StartTime": 1646415209000,
 "EndTime": 1646415211000,
 "DurationMillis": 2273,
 "Totals": {
  "burnIn": 0,
  "limit": 0,
  "overallQuantiles": {
   "TimescaleDB_average_driver_driving_duration_per_day": {
    "q0": 0,
    "q100": 1109.439,
    "q50": 1079.231,
    "q95": 1109.439,
    "q99": 1109.439,
    "q999": 1109.439
   },
   "all_queries": {
    "q0": 0,
    "q100": 1109.439,
    "q50": 1079.231,
    "q95": 1109.439,
    "q99": 1109.439,
    "q999": 1109.439
   },
   "cold_queries": {
    "q0": 0,
    "q100": 1109.439,
    "q50": 1109.439,
    "q95": 1109.439,
    "q99": 1109.439,
    "q999": 1109.439
   },
   "warm_queries": {
    "q0": 0,
    "q100": 1079.231,
    "q50": 1079.231,
    "q95": 1079.231,
    "q99": 1079.231,
    "q999": 1079.231
   }
  },
  "overallQueryRates": {
   "TimescaleDB_average_driver_driving_duration_per_day": 0.8836853177142543,
   "all_queries": 0.8836853177142543,
   "cold_queries": 0.44184265885712715,
   "warm_queries": 0.44184265885712715
  },
  "prewarmQueries": true
 }
}