{
 "ResultFormatVersion": "0.1",
 "RunnerConfig": {
  "DBName": "benchmark_large",
  "Limit": 0,
  "LimitRPS": 0,
  "MemProfile": "",
  "HDRLatenciesFile": "",
  "Workers": 4,
  "PrintResponses": false,
  "Debug": 0,
  "FileName": "",
  "BurnIn": 0,
  "PrintInterval": 100,
  "PrewarmQueries": true,
  "ResultsFile": "../performance/query/single_query/timescaledb/large/timescaledb-queries-low-fuel-large-1-queries.json"
 },
 "StartTime": 1646072148000,
 "EndTime": 1646072184000,
 "DurationMillis": 36026,
 "Totals": {
  "burnIn": 0,
  "limit": 0,
  "overallQuantiles": {
   "TimescaleDB_trucks_with_low_fuel": {
    "q0": 0,
    "q100": 35880.959,
    "q50": 31.84,
    "q95": 35880.959,
    "q99": 35880.959,
    "q999": 35880.959
   },
   "all_queries": {
    "q0": 0,
    "q100": 35880.959,
    "q50": 31.84,
    "q95": 35880.959,
    "q99": 35880.959,
    "q999": 35880.959
   },
   "cold_queries": {
    "q0": 0,
    "q100": 35880.959,
    "q50": 35880.959,
    "q95": 35880.959,
    "q99": 35880.959,
    "q999": 35880.959
   },
   "warm_queries": {
    "q0": 0,
    "q100": 31.84,
    "q50": 31.84,
    "q95": 31.84,
    "q99": 31.84,
    "q999": 31.84
   }
  },
  "overallQueryRates": {
   "TimescaleDB_trucks_with_low_fuel": 0.05551929208277615,
   "all_queries": 0.05551929208277615,
   "cold_queries": 0.027759646041388076,
   "warm_queries": 0.027759646041388076
  },
  "prewarmQueries": true
 }
}