{
 "ResultFormatVersion": "0.1",
 "RunnerConfig": {
  "DBName": "benchmark_large",
  "Limit": 0,
  "LimitRPS": 0,
  "MemProfile": "",
  "HDRLatenciesFile": "",
  "Workers": 4,
  "PrintResponses": false,
  "Debug": 0,
  "FileName": "",
  "BurnIn": 0,
  "PrintInterval": 100,
  "PrewarmQueries": true,
  "ResultsFile": "../performance/query/single_query/timescaledb/large/timescaledb-queries-last-loc-large-1-queries.json"
 },
 "StartTime": 1646072084000,
 "EndTime": 1646072118000,
 "DurationMillis": 34285,
 "Totals": {
  "burnIn": 0,
  "limit": 0,
  "overallQuantiles": {
   "TimescaleDB_last_location_per_truck": {
    "q0": 0,
    "q100": 34117.631,
    "q50": 34.023,
    "q95": 34117.631,
    "q99": 34117.631,
    "q999": 34117.631
   },
   "all_queries": {
    "q0": 0,
    "q100": 34117.631,
    "q50": 34.023,
    "q95": 34117.631,
    "q99": 34117.631,
    "q999": 34117.631
   },
   "cold_queries": {
    "q0": 0,
    "q100": 34117.631,
    "q50": 34117.631,
    "q95": 34117.631,
    "q99": 34117.631,
    "q999": 34117.631
   },
   "warm_queries": {
    "q0": 0,
    "q100": 34.023,
    "q50": 34.023,
    "q95": 34.023,
    "q99": 34.023,
    "q999": 34.023
   }
  },
  "overallQueryRates": {
   "TimescaleDB_last_location_per_truck": 0.05836750319090434,
   "all_queries": 0.05836750319090434,
   "cold_queries": 0.02918375159545217,
   "warm_queries": 0.02918375159545217
  },
  "prewarmQueries": true
 }
}