{
 "ResultFormatVersion": "0.1",
 "RunnerConfig": {
  "DBName": "benchmark_large",
  "Limit": 0,
  "LimitRPS": 0,
  "MemProfile": "",
  "HDRLatenciesFile": "",
  "Workers": 4,
  "PrintResponses": false,
  "Debug": 0,
  "FileName": "",
  "BurnIn": 0,
  "PrintInterval": 100,
  "PrewarmQueries": true,
  "ResultsFile": "../performance/query/single_query/timescaledb/large/timescaledb-queries-stationary-trucks-large-1-queries.json"
 },
 "StartTime": 1646072196000,
 "EndTime": 1646072199000,
 "DurationMillis": 2632,
 "Totals": {
  "burnIn": 0,
  "limit": 0,
  "overallQuantiles": {
   "TimescaleDB_stationary_trucks": {
    "q0": 0,
    "q100": 2483.327,
    "q50": 18.658,
    "q95": 2483.327,
    "q99": 2483.327,
    "q999": 2483.327
   },
   "all_queries": {
    "q0": 0,
    "q100": 2483.327,
    "q50": 18.658,
    "q95": 2483.327,
    "q99": 2483.327,
    "q999": 2483.327
   },
   "cold_queries": {
    "q0": 0,
    "q100": 2483.327,
    "q50": 2483.327,
    "q95": 2483.327,
    "q99": 2483.327,
    "q999": 2483.327
   },
   "warm_queries": {
    "q0": 0,
    "q100": 18.658,
    "q50": 18.658,
    "q95": 18.658,
    "q99": 18.658,
    "q999": 18.658
   }
  },
  "overallQueryRates": {
   "TimescaleDB_stationary_trucks": 0.7649457830295298,
   "all_queries": 0.7649457830295298,
   "cold_queries": 0.3824728915147649,
   "warm_queries": 0.3824728915147649
  },
  "prewarmQueries": true
 }
}