{
 "ResultFormatVersion": "0.1",
 "RunnerConfig": {
  "DBName": "benchmark_medium",
  "Limit": 0,
  "LimitRPS": 0,
  "MemProfile": "",
  "HDRLatenciesFile": "",
  "Workers": 12,
  "PrintResponses": false,
  "Debug": 0,
  "FileName": "",
  "BurnIn": 0,
  "PrintInterval": 100,
  "PrewarmQueries": true,
  "ResultsFile": "/opt/cluster_performance/query_3_nodes/ten_queries/influx/medium/influx-queries-avg-daily-driving-session-medium-10-queries.json"
 },
 "StartTime": 1646408773000,
 "EndTime": 1646408891000,
 "DurationMillis": 117503,
 "Totals": {
  "burnIn": 0,
  "limit": 0,
  "overallQuantiles": {
   "Influx_average_driver_driving_session_without_stopping_per_day": {
    "q0": 0,
    "q100": 116383.743,
    "q50": 1566.527,
    "q95": 115851.263,
    "q99": 116383.743,
    "q999": 116383.743
   },
   "all_queries": {
    "q0": 0,
    "q100": 116383.743,
    "q50": 1566.527,
    "q95": 115851.263,
    "q99": 116383.743,
    "q999": 116383.743
   },
   "cold_queries": {
    "q0": 0,
    "q100": 116383.743,
    "q50": 113405.951,
    "q95": 116383.743,
    "q99": 116383.743,
    "q999": 116383.743
   },
   "warm_queries": {
    "q0": 0,
    "q100": 1566.527,
    "q50": 808.127,
    "q95": 1566.527,
    "q99": 1566.527,
    "q999": 1566.527
   }
  },
  "overallQueryRates": {
   "Influx_average_driver_driving_session_without_stopping_per_day": 0.1702095981757507,
   "all_queries": 0.1702095981757507,
   "cold_queries": 0.08510479908787535,
   "warm_queries": 0.08510479908787535
  },
  "prewarmQueries": true
 }
}