{
 "ResultFormatVersion": "0.1",
 "RunnerConfig": {
  "DBName": "benchmark_medium",
  "Limit": 0,
  "LimitRPS": 0,
  "MemProfile": "",
  "HDRLatenciesFile": "",
  "Workers": 12,
  "PrintResponses": false,
  "Debug": 0,
  "FileName": "",
  "BurnIn": 0,
  "PrintInterval": 100,
  "PrewarmQueries": true,
  "ResultsFile": "/opt/cluster_performance/query_3_nodes/ten_queries/influx/medium/influx-queries-breakdown-frequency-medium-10-queries.json"
 },
 "StartTime": 1646408895000,
 "EndTime": 1646408897000,
 "DurationMillis": 1931,
 "Totals": {
  "burnIn": 0,
  "limit": 0,
  "overallQuantiles": {
   "Influx_truck_breakdown_frequency_per_model": {
    "q0": 0,
    "q100": 1002.687,
    "q50": 859.295,
    "q95": 1002.559,
    "q99": 1002.687,
    "q999": 1002.687
   },
   "all_queries": {
    "q0": 0,
    "q100": 1002.687,
    "q50": 859.295,
    "q95": 1002.559,
    "q99": 1002.687,
    "q999": 1002.687
   },
   "cold_queries": {
    "q0": 0,
    "q100": 859.295,
    "q50": 859.103,
    "q95": 859.295,
    "q99": 859.295,
    "q999": 859.295
   },
   "warm_queries": {
    "q0": 0,
    "q100": 1002.687,
    "q50": 1002.175,
    "q95": 1002.687,
    "q99": 1002.687,
    "q999": 1002.687
   }
  },
  "overallQueryRates": {
   "Influx_truck_breakdown_frequency_per_model": 10.36581156322865,
   "all_queries": 10.36581156322865,
   "cold_queries": 5.182905781614325,
   "warm_queries": 5.182905781614325
  },
  "prewarmQueries": true
 }
}