{
 "ResultFormatVersion": "0.1",
 "RunnerConfig": {
  "DBName": "benchmark_medium",
  "Limit": 0,
  "LimitRPS": 0,
  "MemProfile": "",
  "HDRLatenciesFile": "",
  "Workers": 12,
  "PrintResponses": false,
  "Debug": 0,
  "FileName": "",
  "BurnIn": 0,
  "PrintInterval": 100,
  "PrewarmQueries": true,
  "ResultsFile": "/opt/cluster_performance/query_3_nodes/ten_queries/influx/medium/influx-queries-low-fuel-medium-10-queries.json"
 },
 "StartTime": 1646408905000,
 "EndTime": 1646408908000,
 "DurationMillis": 2074,
 "Totals": {
  "burnIn": 0,
  "limit": 0,
  "overallQuantiles": {
   "Influx_trucks_with_low_fuel": {
    "q0": 0,
    "q100": 1004.287,
    "q50": 1002.431,
    "q95": 1004.127,
    "q99": 1004.287,
    "q999": 1004.287
   },
   "all_queries": {
    "q0": 0,
    "q100": 1004.287,
    "q50": 1002.431,
    "q95": 1004.127,
    "q99": 1004.287,
    "q999": 1004.287
   },
   "cold_queries": {
    "q0": 0,
    "q100": 1004.287,
    "q50": 1003.615,
    "q95": 1004.287,
    "q99": 1004.287,
    "q999": 1004.287
   },
   "warm_queries": {
    "q0": 0,
    "q100": 1002.431,
    "q50": 1002.111,
    "q95": 1002.431,
    "q99": 1002.431,
    "q999": 1002.431
   }
  },
  "overallQueryRates": {
   "Influx_trucks_with_low_fuel": 9.648245239869366,
   "all_queries": 9.648245239869366,
   "cold_queries": 4.824122619934683,
   "warm_queries": 4.824122619934683
  },
  "prewarmQueries": true
 }
}