{
 "ResultFormatVersion": "0.1",
 "RunnerConfig": {
  "DBName": "benchmark_small",
  "Limit": 0,
  "LimitRPS": 0,
  "MemProfile": "",
  "HDRLatenciesFile": "",
  "Workers": 4,
  "PrintResponses": false,
  "Debug": 0,
  "FileName": "",
  "BurnIn": 0,
  "PrintInterval": 100,
  "PrewarmQueries": true,
  "ResultsFile": "../performance/query/single_query/timescaledb/small/timescaledb-queries-avg-vs-projected-fuel-consumption-small-1-queries.json"
 },
 "StartTime": 1646048652000,
 "EndTime": 1646048657000,
 "DurationMillis": 4477,
 "Totals": {
  "burnIn": 0,
  "limit": 0,
  "overallQuantiles": {
   "TimescaleDB_average_vs_projected_fuel_consumption_per_fleet": {
    "q0": 0,
    "q100": 4153.471,
    "q50": 216.535,
    "q95": 4153.471,
    "q99": 4153.471,
    "q999": 4153.471
   },
   "all_queries": {
    "q0": 0,
    "q100": 4153.471,
    "q50": 216.535,
    "q95": 4153.471,
    "q99": 4153.471,
    "q999": 4153.471
   },
   "cold_queries": {
    "q0": 0,
    "q100": 4153.471,
    "q50": 4153.471,
    "q95": 4153.471,
    "q99": 4153.471,
    "q999": 4153.471
   },
   "warm_queries": {
    "q0": 0,
    "q100": 216.535,
    "q50": 216.535,
    "q95": 216.535,
    "q99": 216.535,
    "q999": 216.535
   }
  },
  "overallQueryRates": {
   "TimescaleDB_average_vs_projected_fuel_consumption_per_fleet": 0.4470767371947275,
   "all_queries": 0.4470767371947275,
   "cold_queries": 0.22353836859736376,
   "warm_queries": 0.22353836859736376
  },
  "prewarmQueries": true
 }
}