{
 "ResultFormatVersion": "0.1",
 "RunnerConfig": {
  "DBName": "benchmark_small",
  "Limit": 0,
  "LimitRPS": 0,
  "MemProfile": "",
  "HDRLatenciesFile": "",
  "Workers": 4,
  "PrintResponses": false,
  "Debug": 0,
  "FileName": "",
  "BurnIn": 0,
  "PrintInterval": 100,
  "PrewarmQueries": true,
  "ResultsFile": "../performance/query/single_query/timescaledb/small/timescaledb-queries-long-driving-sessions-small-1-queries.json"
 },
 "StartTime": 1646048725000,
 "EndTime": 1646048729000,
 "DurationMillis": 3791,
 "Totals": {
  "burnIn": 0,
  "limit": 0,
  "overallQuantiles": {
   "TimescaleDB_trucks_with_longer_driving_sessions": {
    "q0": 0,
    "q100": 3313.535,
    "q50": 360.447,
    "q95": 3313.535,
    "q99": 3313.535,
    "q999": 3313.535
   },
   "all_queries": {
    "q0": 0,
    "q100": 3313.535,
    "q50": 360.447,
    "q95": 3313.535,
    "q99": 3313.535,
    "q999": 3313.535
   },
   "cold_queries": {
    "q0": 0,
    "q100": 3313.535,
    "q50": 3313.535,
    "q95": 3313.535,
    "q99": 3313.535,
    "q999": 3313.535
   },
   "warm_queries": {
    "q0": 0,
    "q100": 360.447,
    "q50": 360.447,
    "q95": 360.447,
    "q99": 360.447,
    "q999": 360.447
   }
  },
  "overallQueryRates": {
   "TimescaleDB_trucks_with_longer_driving_sessions": 0.5291137309080468,
   "all_queries": 0.5291137309080468,
   "cold_queries": 0.2645568654540234,
   "warm_queries": 0.2645568654540234
  },
  "prewarmQueries": true
 }
}