{
 "ResultFormatVersion": "0.1",
 "RunnerConfig": {
  "DBName": "benchmark_small",
  "Limit": 0,
  "LimitRPS": 0,
  "MemProfile": "",
  "HDRLatenciesFile": "",
  "Workers": 4,
  "PrintResponses": false,
  "Debug": 0,
  "FileName": "",
  "BurnIn": 0,
  "PrintInterval": 100,
  "PrewarmQueries": true,
  "ResultsFile": "../performance/query/single_query/timescaledb/small/timescaledb-queries-avg-daily-driving-duration-small-1-queries.json"
 },
 "StartTime": 1646048607000,
 "EndTime": 1646048610000,
 "DurationMillis": 3630,
 "Totals": {
  "burnIn": 0,
  "limit": 0,
  "overallQuantiles": {
   "TimescaleDB_average_driver_driving_duration_per_day": {
    "q0": 0,
    "q100": 2843.519,
    "q50": 641.695,
    "q95": 2843.519,
    "q99": 2843.519,
    "q999": 2843.519
   },
   "all_queries": {
    "q0": 0,
    "q100": 2843.519,
    "q50": 641.695,
    "q95": 2843.519,
    "q99": 2843.519,
    "q999": 2843.519
   },
   "cold_queries": {
    "q0": 0,
    "q100": 2843.519,
    "q50": 2843.519,
    "q95": 2843.519,
    "q99": 2843.519,
    "q999": 2843.519
   },
   "warm_queries": {
    "q0": 0,
    "q100": 641.695,
    "q50": 641.695,
    "q95": 641.695,
    "q99": 641.695,
    "q999": 641.695
   }
  },
  "overallQueryRates": {
   "TimescaleDB_average_driver_driving_duration_per_day": 0.5564790111428517,
   "all_queries": 0.5564790111428517,
   "cold_queries": 0.27823950557142585,
   "warm_queries": 0.27823950557142585
  },
  "prewarmQueries": true
 }
}