{
 "ResultFormatVersion": "0.1",
 "RunnerConfig": {
  "DBName": "benchmark_small",
  "Limit": 0,
  "LimitRPS": 0,
  "MemProfile": "",
  "HDRLatenciesFile": "",
  "Workers": 4,
  "PrintResponses": false,
  "Debug": 0,
  "FileName": "",
  "BurnIn": 0,
  "PrintInterval": 100,
  "PrewarmQueries": true,
  "ResultsFile": "../performance/query/single_query/timescaledb/small/timescaledb-queries-high-load-small-1-queries.json"
 },
 "StartTime": 1646048698000,
 "EndTime": 1646048700000,
 "DurationMillis": 2134,
 "Totals": {
  "burnIn": 0,
  "limit": 0,
  "overallQuantiles": {
   "TimescaleDB_trucks_with_high_load": {
    "q0": 0,
    "q100": 2032.447,
    "q50": 4.467,
    "q95": 2032.447,
    "q99": 2032.447,
    "q999": 2032.447
   },
   "all_queries": {
    "q0": 0,
    "q100": 2032.447,
    "q50": 4.467,
    "q95": 2032.447,
    "q99": 2032.447,
    "q999": 2032.447
   },
   "cold_queries": {
    "q0": 0,
    "q100": 2032.447,
    "q50": 2032.447,
    "q95": 2032.447,
    "q99": 2032.447,
    "q999": 2032.447
   },
   "warm_queries": {
    "q0": 0,
    "q100": 4.467,
    "q50": 4.467,
    "q95": 4.467,
    "q99": 4.467,
    "q999": 4.467
   }
  },
  "overallQueryRates": {
   "TimescaleDB_trucks_with_high_load": 0.9495037656182312,
   "all_queries": 0.9495037656182312,
   "cold_queries": 0.4747518828091156,
   "warm_queries": 0.4747518828091156
  },
  "prewarmQueries": true
 }
}