{
 "ResultFormatVersion": "0.1",
 "RunnerConfig": {
  "DBName": "benchmark_small",
  "Limit": 0,
  "LimitRPS": 0,
  "MemProfile": "",
  "HDRLatenciesFile": "",
  "Workers": 12,
  "PrintResponses": false,
  "Debug": 0,
  "FileName": "",
  "BurnIn": 0,
  "PrintInterval": 100,
  "PrewarmQueries": true,
  "ResultsFile": "/opt/cluster_performance/query_1_node/single_query/influx/small/influx-queries-low-fuel-small-1-queries.json"
 },
 "StartTime": 1646412867000,
 "EndTime": 1646412867000,
 "DurationMillis": 330,
 "Totals": {
  "burnIn": 0,
  "limit": 0,
  "overallQuantiles": {
   "Influx_trucks_with_low_fuel": {
    "q0": 0,
    "q100": 148.991,
    "q50": 141.615,
    "q95": 148.991,
    "q99": 148.991,
    "q999": 148.991
   },
   "all_queries": {
    "q0": 0,
    "q100": 148.991,
    "q50": 141.615,
    "q95": 148.991,
    "q99": 148.991,
    "q999": 148.991
   },
   "cold_queries": {
    "q0": 0,
    "q100": 148.991,
    "q50": 148.991,
    "q95": 148.991,
    "q99": 148.991,
    "q999": 148.991
   },
   "warm_queries": {
    "q0": 0,
    "q100": 141.615,
    "q50": 141.615,
    "q95": 141.615,
    "q99": 141.615,
    "q999": 141.615
   }
  },
  "overallQueryRates": {
   "Influx_trucks_with_low_fuel": 6.0889881258642555,
   "all_queries": 6.0889881258642555,
   "cold_queries": 3.0444940629321278,
   "warm_queries": 3.0444940629321278
  },
  "prewarmQueries": true
 }
}