{
 "ResultFormatVersion": "0.1",
 "RunnerConfig": {
  "DBName": "benchmark_small",
  "Limit": 0,
  "LimitRPS": 0,
  "MemProfile": "",
  "HDRLatenciesFile": "",
  "Workers": 12,
  "PrintResponses": false,
  "Debug": 0,
  "FileName": "",
  "BurnIn": 0,
  "PrintInterval": 100,
  "PrewarmQueries": true,
  "ResultsFile": "/opt/cluster_performance/query_1_node/single_query/influx/small/influx-queries-long-driving-sessions-small-1-queries.json"
 },
 "StartTime": 1646412866000,
 "EndTime": 1646412867000,
 "DurationMillis": 298,
 "Totals": {
  "burnIn": 0,
  "limit": 0,
  "overallQuantiles": {
   "Influx_trucks_with_longer_driving_sessions": {
    "q0": 0,
    "q100": 145.623,
    "q50": 113.919,
    "q95": 145.623,
    "q99": 145.623,
    "q999": 145.623
   },
   "all_queries": {
    "q0": 0,
    "q100": 145.623,
    "q50": 113.919,
    "q95": 145.623,
    "q99": 145.623,
    "q999": 145.623
   },
   "cold_queries": {
    "q0": 0,
    "q100": 113.919,
    "q50": 113.919,
    "q95": 113.919,
    "q99": 113.919,
    "q999": 113.919
   },
   "warm_queries": {
    "q0": 0,
    "q100": 145.623,
    "q50": 145.623,
    "q95": 145.623,
    "q99": 145.623,
    "q999": 145.623
   }
  },
  "overallQueryRates": {
   "Influx_trucks_with_longer_driving_sessions": 6.757802389694081,
   "all_queries": 6.757802389694081,
   "cold_queries": 3.3789011948470407,
   "warm_queries": 3.3789011948470407
  },
  "prewarmQueries": true
 }
}