{
 "ResultFormatVersion": "0.1",
 "RunnerConfig": {
  "DBName": "benchmark_medium",
  "Limit": 0,
  "LimitRPS": 0,
  "MemProfile": "",
  "HDRLatenciesFile": "",
  "Workers": 12,
  "PrintResponses": false,
  "Debug": 0,
  "FileName": "",
  "BurnIn": 0,
  "PrintInterval": 100,
  "PrewarmQueries": true,
  "ResultsFile": "/opt/cluster_performance/query/ten_queries/timescaledb/medium/timescaledb-queries-avg-daily-driving-session-medium-10-queries.json"
 },
 "StartTime": 1646256421000,
 "EndTime": 1646256680000,
 "DurationMillis": 259177,
 "Totals": {
  "burnIn": 0,
  "limit": 0,
  "overallQuantiles": {
   "TimescaleDB_average_driver_driving_session_without_stopping_per_day": {
    "q0": 0,
    "q100": 144465.919,
    "q50": 123576.319,
    "q95": 138543.103,
    "q99": 144465.919,
    "q999": 144465.919
   },
   "all_queries": {
    "q0": 0,
    "q100": 144465.919,
    "q50": 123576.319,
    "q95": 138543.103,
    "q99": 144465.919,
    "q999": 144465.919
   },
   "cold_queries": {
    "q0": 0,
    "q100": 144465.919,
    "q50": 135880.703,
    "q95": 144465.919,
    "q99": 144465.919,
    "q999": 144465.919
   },
   "warm_queries": {
    "q0": 0,
    "q100": 123576.319,
    "q50": 120287.231,
    "q95": 123576.319,
    "q99": 123576.319,
    "q999": 123576.319
   }
  },
  "overallQueryRates": {
   "TimescaleDB_average_driver_driving_session_without_stopping_per_day": 0.07717565014824415,
   "all_queries": 0.07717565014824415,
   "cold_queries": 0.038587825074122076,
   "warm_queries": 0.038587825074122076
  },
  "prewarmQueries": true
 }
}