{
 "ResultFormatVersion": "0.1",
 "RunnerConfig": {
  "DBName": "benchmark_medium",
  "Limit": 0,
  "LimitRPS": 0,
  "MemProfile": "",
  "HDRLatenciesFile": "",
  "Workers": 12,
  "PrintResponses": false,
  "Debug": 0,
  "FileName": "",
  "BurnIn": 0,
  "PrintInterval": 100,
  "PrewarmQueries": true,
  "ResultsFile": "/opt/cluster_performance/query/ten_queries/timescaledb/medium/timescaledb-queries-avg-vs-projected-fuel-consumption-medium-10-queries.json"
 },
 "StartTime": 1646256692000,
 "EndTime": 1646256836000,
 "DurationMillis": 144176,
 "Totals": {
  "burnIn": 0,
  "limit": 0,
  "overallQuantiles": {
   "TimescaleDB_average_vs_projected_fuel_consumption_per_fleet": {
    "q0": 0,
    "q100": 73957.375,
    "q50": 70037.503,
    "q95": 73953.279,
    "q99": 73957.375,
    "q999": 73957.375
   },
   "all_queries": {
    "q0": 0,
    "q100": 73957.375,
    "q50": 70037.503,
    "q95": 73953.279,
    "q99": 73957.375,
    "q999": 73957.375
   },
   "cold_queries": {
    "q0": 0,
    "q100": 70037.503,
    "q50": 70033.407,
    "q95": 70037.503,
    "q99": 70037.503,
    "q999": 70037.503
   },
   "warm_queries": {
    "q0": 0,
    "q100": 73957.375,
    "q50": 73953.279,
    "q95": 73957.375,
    "q99": 73957.375,
    "q999": 73957.375
   }
  },
  "overallQueryRates": {
   "TimescaleDB_average_vs_projected_fuel_consumption_per_fleet": 0.1387238378676659,
   "all_queries": 0.1387238378676659,
   "cold_queries": 0.06936191893383295,
   "warm_queries": 0.06936191893383295
  },
  "prewarmQueries": true
 }
}