{
 "ResultFormatVersion": "0.1",
 "RunnerConfig": {
  "DBName": "benchmark_medium",
  "Limit": 0,
  "LimitRPS": 0,
  "MemProfile": "",
  "HDRLatenciesFile": "",
  "Workers": 12,
  "PrintResponses": false,
  "Debug": 0,
  "FileName": "",
  "BurnIn": 0,
  "PrintInterval": 100,
  "PrewarmQueries": true,
  "ResultsFile": "/opt/cluster_performance/query/ten_queries/timescaledb/medium/timescaledb-queries-breakdown-frequency-medium-10-queries.json"
 },
 "StartTime": 1646256836000,
 "EndTime": 1646257084000,
 "DurationMillis": 247423,
 "Totals": {
  "burnIn": 0,
  "limit": 0,
  "overallQuantiles": {
   "TimescaleDB_truck_breakdown_frequency_per_model": {
    "q0": 0,
    "q100": 137420.799,
    "q50": 113151.999,
    "q95": 136110.079,
    "q99": 137420.799,
    "q999": 137420.799
   },
   "all_queries": {
    "q0": 0,
    "q100": 137420.799,
    "q50": 113151.999,
    "q95": 136110.079,
    "q99": 137420.799,
    "q999": 137420.799
   },
   "cold_queries": {
    "q0": 0,
    "q100": 137420.799,
    "q50": 134139.903,
    "q95": 137420.799,
    "q99": 137420.799,
    "q999": 137420.799
   },
   "warm_queries": {
    "q0": 0,
    "q100": 113151.999,
    "q50": 109723.647,
    "q95": 113151.999,
    "q99": 113151.999,
    "q999": 113151.999
   }
  },
  "overallQueryRates": {
   "TimescaleDB_truck_breakdown_frequency_per_model": 0.0808344873284953,
   "all_queries": 0.0808344873284953,
   "cold_queries": 0.04041724366424765,
   "warm_queries": 0.04041724366424765
  },
  "prewarmQueries": true
 }
}