{
 "ResultFormatVersion": "0.1",
 "RunnerConfig": {
  "DBName": "benchmark_medium",
  "Limit": 0,
  "LimitRPS": 0,
  "MemProfile": "",
  "HDRLatenciesFile": "",
  "Workers": 12,
  "PrintResponses": false,
  "Debug": 0,
  "FileName": "",
  "BurnIn": 0,
  "PrintInterval": 100,
  "PrewarmQueries": true,
  "ResultsFile": "/opt/cluster_performance/query/ten_queries/timescaledb/medium/timescaledb-queries-last-loc-medium-10-queries.json"
 },
 "StartTime": 1646261794000,
 "EndTime": 1646266289000,
 "DurationMillis": 4495624,
 "Totals": {
  "burnIn": 0,
  "limit": 0,
  "overallQuantiles": {
   "TimescaleDB_last_location_per_truck": {
    "q0": 0,
    "q100": 2337800.191,
    "q50": 2116550.655,
    "q95": 2335571.967,
    "q99": 2337800.191,
    "q999": 2337800.191
   },
   "all_queries": {
    "q0": 0,
    "q100": 2337800.191,
    "q50": 2116550.655,
    "q95": 2335571.967,
    "q99": 2337800.191,
    "q999": 2337800.191
   },
   "cold_queries": {
    "q0": 0,
    "q100": 2337800.191,
    "q50": 2118647.807,
    "q95": 2337800.191,
    "q99": 2337800.191,
    "q999": 2337800.191
   },
   "warm_queries": {
    "q0": 0,
    "q100": 2158886.911,
    "q50": 2105343.999,
    "q95": 2158886.911,
    "q99": 2158886.911,
    "q999": 2158886.911
   }
  },
  "overallQueryRates": {
   "TimescaleDB_last_location_per_truck": 0.0044487845682405006,
   "all_queries": 0.0044487845682405006,
   "cold_queries": 0.0022243922841202503,
   "warm_queries": 0.0022243922841202503
  },
  "prewarmQueries": true
 }
}