{
 "ResultFormatVersion": "0.1",
 "RunnerConfig": {
  "DBName": "benchmark_medium",
  "Limit": 0,
  "LimitRPS": 0,
  "MemProfile": "",
  "HDRLatenciesFile": "",
  "Workers": 12,
  "PrintResponses": false,
  "Debug": 0,
  "FileName": "",
  "BurnIn": 0,
  "PrintInterval": 100,
  "PrewarmQueries": true,
  "ResultsFile": "/opt/cluster_performance/query/ten_queries/timescaledb/medium/timescaledb-queries-high-load-medium-10-queries.json"
 },
 "StartTime": 1646257377000,
 "EndTime": 1646261794000,
 "DurationMillis": 4416835,
 "Totals": {
  "burnIn": 0,
  "limit": 0,
  "overallQuantiles": {
   "TimescaleDB_trucks_with_high_load": {
    "q0": 0,
    "q100": 2302017.535,
    "q50": 2085224.447,
    "q95": 2300182.527,
    "q99": 2302017.535,
    "q999": 2302017.535
   },
   "all_queries": {
    "q0": 0,
    "q100": 2302017.535,
    "q50": 2085224.447,
    "q95": 2300182.527,
    "q99": 2302017.535,
    "q999": 2302017.535
   },
   "cold_queries": {
    "q0": 0,
    "q100": 2302017.535,
    "q50": 2086731.775,
    "q95": 2302017.535,
    "q99": 2302017.535,
    "q999": 2302017.535
   },
   "warm_queries": {
    "q0": 0,
    "q100": 2116550.655,
    "q50": 2073296.895,
    "q95": 2116550.655,
    "q99": 2116550.655,
    "q999": 2116550.655
   }
  },
  "overallQueryRates": {
   "TimescaleDB_trucks_with_high_load": 0.004528134343600391,
   "all_queries": 0.004528134343600391,
   "cold_queries": 0.0022640671718001954,
   "warm_queries": 0.0022640671718001954
  },
  "prewarmQueries": true
 }
}