{
 "ResultFormatVersion": "0.1",
 "RunnerConfig": {
  "DBName": "benchmark_medium",
  "Limit": 0,
  "LimitRPS": 0,
  "MemProfile": "",
  "HDRLatenciesFile": "",
  "Workers": 12,
  "PrintResponses": false,
  "Debug": 0,
  "FileName": "",
  "BurnIn": 0,
  "PrintInterval": 100,
  "PrewarmQueries": true,
  "ResultsFile": "/opt/cluster_performance/query/ten_queries/timescaledb/medium/timescaledb-queries-low-fuel-medium-10-queries.json"
 },
 "StartTime": 1646266292000,
 "EndTime": 1646270681000,
 "DurationMillis": 4388928,
 "Totals": {
  "burnIn": 0,
  "limit": 0,
  "overallQuantiles": {
   "TimescaleDB_trucks_with_low_fuel": {
    "q0": 0,
    "q100": 2282094.591,
    "q50": 2070347.775,
    "q95": 2279604.223,
    "q99": 2282094.591,
    "q999": 2282094.591
   },
   "all_queries": {
    "q0": 0,
    "q100": 2282094.591,
    "q50": 2070347.775,
    "q95": 2279604.223,
    "q99": 2282094.591,
    "q999": 2282094.591
   },
   "cold_queries": {
    "q0": 0,
    "q100": 2282094.591,
    "q50": 2067791.871,
    "q95": 2282094.591,
    "q99": 2282094.591,
    "q999": 2282094.591
   },
   "warm_queries": {
    "q0": 0,
    "q100": 2108030.975,
    "q50": 2071592.959,
    "q95": 2108030.975,
    "q99": 2108030.975,
    "q999": 2108030.975
   }
  },
  "overallQueryRates": {
   "TimescaleDB_trucks_with_low_fuel": 0.004556926239809304,
   "all_queries": 0.004556926239809304,
   "cold_queries": 0.002278463119904652,
   "warm_queries": 0.002278463119904652
  },
  "prewarmQueries": true
 }
}