{
 "ResultFormatVersion": "0.1",
 "RunnerConfig": {
  "DBName": "benchmark_medium",
  "Limit": 0,
  "LimitRPS": 0,
  "MemProfile": "",
  "HDRLatenciesFile": "",
  "Workers": 12,
  "PrintResponses": false,
  "Debug": 0,
  "FileName": "",
  "BurnIn": 0,
  "PrintInterval": 100,
  "PrewarmQueries": true,
  "ResultsFile": "/opt/cluster_performance/query_1_node/ten_queries/timescaledb/medium/timescaledb-queries-long-driving-sessions-medium-10-queries.json"
 },
 "StartTime": 1646419821000,
 "EndTime": 1646419871000,
 "DurationMillis": 50034,
 "Totals": {
  "burnIn": 0,
  "limit": 0,
  "overallQuantiles": {
   "TimescaleDB_trucks_with_longer_driving_sessions": {
    "q0": 0,
    "q100": 26899.455,
    "q50": 23446.527,
    "q95": 26304.511,
    "q99": 26899.455,
    "q999": 26899.455
   },
   "all_queries": {
    "q0": 0,
    "q100": 26899.455,
    "q50": 23446.527,
    "q95": 26304.511,
    "q99": 26899.455,
    "q999": 26899.455
   },
   "cold_queries": {
    "q0": 0,
    "q100": 26899.455,
    "q50": 24144.895,
    "q95": 26899.455,
    "q99": 26899.455,
    "q999": 26899.455
   },
   "warm_queries": {
    "q0": 0,
    "q100": 23909.375,
    "q50": 22953.983,
    "q95": 23909.375,
    "q99": 23909.375,
    "q999": 23909.375
   }
  },
  "overallQueryRates": {
   "TimescaleDB_trucks_with_longer_driving_sessions": 0.4000097306367075,
   "all_queries": 0.4000097306367075,
   "cold_queries": 0.20000486531835374,
   "warm_queries": 0.20000486531835374
  },
  "prewarmQueries": true
 }
}