{
 "ResultFormatVersion": "0.1",
 "RunnerConfig": {
  "DBName": "benchmark_medium",
  "Limit": 0,
  "LimitRPS": 0,
  "MemProfile": "",
  "HDRLatenciesFile": "",
  "Workers": 12,
  "PrintResponses": false,
  "Debug": 0,
  "FileName": "",
  "BurnIn": 0,
  "PrintInterval": 100,
  "PrewarmQueries": true,
  "ResultsFile": "/opt/cluster_performance/query_1_node/ten_queries/timescaledb/medium/timescaledb-queries-avg-daily-driving-duration-medium-10-queries.json"
 },
 "StartTime": 1646418372000,
 "EndTime": 1646418633000,
 "DurationMillis": 260554,
 "Totals": {
  "burnIn": 0,
  "limit": 0,
  "overallQuantiles": {
   "TimescaleDB_average_driver_driving_duration_per_day": {
    "q0": 0,
    "q100": 153042.943,
    "q50": 126279.679,
    "q95": 135651.327,
    "q99": 153042.943,
    "q999": 153042.943
   },
   "all_queries": {
    "q0": 0,
    "q100": 153042.943,
    "q50": 126279.679,
    "q95": 135651.327,
    "q99": 153042.943,
    "q999": 153042.943
   },
   "cold_queries": {
    "q0": 0,
    "q100": 153042.943,
    "q50": 134684.671,
    "q95": 153042.943,
    "q99": 153042.943,
    "q999": 153042.943
   },
   "warm_queries": {
    "q0": 0,
    "q100": 126279.679,
    "q50": 123998.207,
    "q95": 126279.679,
    "q99": 126279.679,
    "q999": 126279.679
   }
  },
  "overallQueryRates": {
   "TimescaleDB_average_driver_driving_duration_per_day": 0.07676175441998787,
   "all_queries": 0.07676175441998787,
   "cold_queries": 0.03838087720999393,
   "warm_queries": 0.03838087720999393
  },
  "prewarmQueries": true
 }
}