{
 "ResultFormatVersion": "0.1",
 "RunnerConfig": {
  "DBName": "benchmark_small",
  "Limit": 0,
  "LimitRPS": 0,
  "MemProfile": "",
  "HDRLatenciesFile": "",
  "Workers": 12,
  "PrintResponses": false,
  "Debug": 0,
  "FileName": "",
  "BurnIn": 0,
  "PrintInterval": 100,
  "PrewarmQueries": true,
  "ResultsFile": "/opt/cluster_performance/query/ten_queries/timescaledb/small/timescaledb-queries-avg-load-small-10-queries.json"
 },
 "StartTime": 1646254474000,
 "EndTime": 1646254476000,
 "DurationMillis": 1548,
 "Totals": {
  "burnIn": 0,
  "limit": 0,
  "overallQuantiles": {
   "TimescaleDB_average_load_per_truck_model_per_fleet": {
    "q0": 0,
    "q100": 816.959,
    "q50": 665.759,
    "q95": 810.495,
    "q99": 816.959,
    "q999": 816.959
   },
   "all_queries": {
    "q0": 0,
    "q100": 816.959,
    "q50": 665.759,
    "q95": 810.495,
    "q99": 816.959,
    "q999": 816.959
   },
   "cold_queries": {
    "q0": 0,
    "q100": 816.959,
    "q50": 808.415,
    "q95": 816.959,
    "q99": 816.959,
    "q999": 816.959
   },
   "warm_queries": {
    "q0": 0,
    "q100": 665.759,
    "q50": 650.047,
    "q95": 665.759,
    "q99": 665.759,
    "q999": 665.759
   }
  },
  "overallQueryRates": {
   "TimescaleDB_average_load_per_truck_model_per_fleet": 12.96892050077671,
   "all_queries": 12.96892050077671,
   "cold_queries": 6.484460250388355,
   "warm_queries": 6.484460250388355
  },
  "prewarmQueries": true
 }
}