{
 "ResultFormatVersion": "0.1",
 "RunnerConfig": {
  "DBName": "benchmark_small",
  "Limit": 0,
  "LimitRPS": 0,
  "MemProfile": "",
  "HDRLatenciesFile": "",
  "Workers": 12,
  "PrintResponses": false,
  "Debug": 0,
  "FileName": "",
  "BurnIn": 0,
  "PrintInterval": 100,
  "PrewarmQueries": true,
  "ResultsFile": "/opt/cluster_performance/query/ten_queries/timescaledb/small/timescaledb-queries-avg-daily-driving-duration-small-10-queries.json"
 },
 "StartTime": 1646254456000,
 "EndTime": 1646254465000,
 "DurationMillis": 8382,
 "Totals": {
  "burnIn": 0,
  "limit": 0,
  "overallQuantiles": {
   "TimescaleDB_average_driver_driving_duration_per_day": {
    "q0": 0,
    "q100": 4591.615,
    "q50": 3822.207,
    "q95": 4552.191,
    "q99": 4591.615,
    "q999": 4591.615
   },
   "all_queries": {
    "q0": 0,
    "q100": 4591.615,
    "q50": 3822.207,
    "q95": 4552.191,
    "q99": 4591.615,
    "q999": 4591.615
   },
   "cold_queries": {
    "q0": 0,
    "q100": 4591.615,
    "q50": 4343.551,
    "q95": 4591.615,
    "q99": 4591.615,
    "q999": 4591.615
   },
   "warm_queries": {
    "q0": 0,
    "q100": 3822.207,
    "q50": 3705.983,
    "q95": 3822.207,
    "q99": 3822.207,
    "q999": 3822.207
   }
  },
  "overallQueryRates": {
   "TimescaleDB_average_driver_driving_duration_per_day": 2.3873054269981635,
   "all_queries": 2.3873054269981635,
   "cold_queries": 1.1936527134990818,
   "warm_queries": 1.1936527134990818
  },
  "prewarmQueries": true
 }
}