{
 "ResultFormatVersion": "0.1",
 "RunnerConfig": {
  "DBName": "benchmark_small",
  "Limit": 0,
  "LimitRPS": 0,
  "MemProfile": "",
  "HDRLatenciesFile": "",
  "Workers": 12,
  "PrintResponses": false,
  "Debug": 0,
  "FileName": "",
  "BurnIn": 0,
  "PrintInterval": 100,
  "PrewarmQueries": true,
  "ResultsFile": "/opt/cluster_performance/query/ten_queries/timescaledb/small/timescaledb-queries-long-driving-sessions-small-10-queries.json"
 },
 "StartTime": 1646255420000,
 "EndTime": 1646255422000,
 "DurationMillis": 2662,
 "Totals": {
  "burnIn": 0,
  "limit": 0,
  "overallQuantiles": {
   "TimescaleDB_trucks_with_longer_driving_sessions": {
    "q0": 0,
    "q100": 1506.367,
    "q50": 1212.159,
    "q95": 1476.671,
    "q99": 1506.367,
    "q999": 1506.367
   },
   "all_queries": {
    "q0": 0,
    "q100": 1506.367,
    "q50": 1212.159,
    "q95": 1476.671,
    "q99": 1506.367,
    "q999": 1506.367
   },
   "cold_queries": {
    "q0": 0,
    "q100": 1506.367,
    "q50": 1371.839,
    "q95": 1506.367,
    "q99": 1506.367,
    "q999": 1506.367
   },
   "warm_queries": {
    "q0": 0,
    "q100": 1214.463,
    "q50": 1086.143,
    "q95": 1214.463,
    "q99": 1214.463,
    "q999": 1214.463
   }
  },
  "overallQueryRates": {
   "TimescaleDB_trucks_with_longer_driving_sessions": 7.531291858684798,
   "all_queries": 7.531291858684798,
   "cold_queries": 3.765645929342399,
   "warm_queries": 3.765645929342399
  },
  "prewarmQueries": true
 }
}