{
 "ResultFormatVersion": "0.1",
 "RunnerConfig": {
  "DBName": "benchmark_small",
  "Limit": 0,
  "LimitRPS": 0,
  "MemProfile": "",
  "HDRLatenciesFile": "",
  "Workers": 12,
  "PrintResponses": false,
  "Debug": 0,
  "FileName": "",
  "BurnIn": 0,
  "PrintInterval": 100,
  "PrewarmQueries": true,
  "ResultsFile": "/opt/cluster_performance/query/ten_queries/timescaledb/small/timescaledb-queries-avg-daily-driving-session-small-10-queries.json"
 },
 "StartTime": 1646254465000,
 "EndTime": 1646254474000,
 "DurationMillis": 9220,
 "Totals": {
  "burnIn": 0,
  "limit": 0,
  "overallQuantiles": {
   "TimescaleDB_average_driver_driving_session_without_stopping_per_day": {
    "q0": 0,
    "q100": 5781.503,
    "q50": 3878.399,
    "q95": 5408.767,
    "q99": 5781.503,
    "q999": 5781.503
   },
   "all_queries": {
    "q0": 0,
    "q100": 5781.503,
    "q50": 3878.399,
    "q95": 5408.767,
    "q99": 5781.503,
    "q999": 5781.503
   },
   "cold_queries": {
    "q0": 0,
    "q100": 5781.503,
    "q50": 5108.735,
    "q95": 5781.503,
    "q99": 5781.503,
    "q999": 5781.503
   },
   "warm_queries": {
    "q0": 0,
    "q100": 3878.399,
    "q50": 3715.967,
    "q95": 3878.399,
    "q99": 3878.399,
    "q999": 3878.399
   }
  },
  "overallQueryRates": {
   "TimescaleDB_average_driver_driving_session_without_stopping_per_day": 2.170609729373914,
   "all_queries": 2.170609729373914,
   "cold_queries": 1.085304864686957,
   "warm_queries": 1.085304864686957
  },
  "prewarmQueries": true
 }
}