{
 "ResultFormatVersion": "0.1",
 "RunnerConfig": {
  "DBName": "benchmark_small",
  "Limit": 0,
  "LimitRPS": 0,
  "MemProfile": "",
  "HDRLatenciesFile": "",
  "Workers": 12,
  "PrintResponses": false,
  "Debug": 0,
  "FileName": "",
  "BurnIn": 0,
  "PrintInterval": 100,
  "PrewarmQueries": true,
  "ResultsFile": "/opt/cluster_performance/query/ten_queries/timescaledb/small/timescaledb-queries-high-load-small-10-queries.json"
 },
 "StartTime": 1646254509000,
 "EndTime": 1646254967000,
 "DurationMillis": 458673,
 "Totals": {
  "burnIn": 0,
  "limit": 0,
  "overallQuantiles": {
   "TimescaleDB_trucks_with_high_load": {
    "q0": 0,
    "q100": 241065.983,
    "q50": 217669.631,
    "q95": 240852.991,
    "q99": 241065.983,
    "q999": 241065.983
   },
   "all_queries": {
    "q0": 0,
    "q100": 241065.983,
    "q50": 217669.631,
    "q95": 240852.991,
    "q99": 241065.983,
    "q999": 241065.983
   },
   "cold_queries": {
    "q0": 0,
    "q100": 241065.983,
    "q50": 222658.559,
    "q95": 241065.983,
    "q99": 241065.983,
    "q999": 241065.983
   },
   "warm_queries": {
    "q0": 0,
    "q100": 217669.631,
    "q50": 212279.295,
    "q95": 217669.631,
    "q99": 217669.631,
    "q999": 217669.631
   }
  },
  "overallQueryRates": {
   "TimescaleDB_trucks_with_high_load": 0.04360458627561711,
   "all_queries": 0.04360458627561711,
   "cold_queries": 0.021802293137808557,
   "warm_queries": 0.021802293137808557
  },
  "prewarmQueries": true
 }
}