{
 "ResultFormatVersion": "0.1",
 "RunnerConfig": {
  "DBName": "benchmark_small",
  "Limit": 0,
  "LimitRPS": 0,
  "MemProfile": "",
  "HDRLatenciesFile": "",
  "Workers": 12,
  "PrintResponses": false,
  "Debug": 0,
  "FileName": "",
  "BurnIn": 0,
  "PrintInterval": 100,
  "PrewarmQueries": true,
  "ResultsFile": "/opt/cluster_performance/query_1_node/ten_queries/timescaledb/small/timescaledb-queries-stationary-trucks-small-10-queries.json"
 },
 "StartTime": 1646416209000,
 "EndTime": 1646416210000,
 "DurationMillis": 398,
 "Totals": {
  "burnIn": 0,
  "limit": 0,
  "overallQuantiles": {
   "TimescaleDB_stationary_trucks": {
    "q0": 0,
    "q100": 205.935,
    "q50": 144.639,
    "q95": 202.775,
    "q99": 205.935,
    "q999": 205.935
   },
   "all_queries": {
    "q0": 0,
    "q100": 205.935,
    "q50": 144.639,
    "q95": 202.775,
    "q99": 205.935,
    "q999": 205.935
   },
   "cold_queries": {
    "q0": 0,
    "q100": 205.935,
    "q50": 176.479,
    "q95": 205.935,
    "q99": 205.935,
    "q999": 205.935
   },
   "warm_queries": {
    "q0": 0,
    "q100": 144.639,
    "q50": 122.499,
    "q95": 144.639,
    "q99": 144.639,
    "q999": 144.639
   }
  },
  "overallQueryRates": {
   "TimescaleDB_stationary_trucks": 50.70631359522468,
   "all_queries": 50.70631359522468,
   "cold_queries": 25.35315679761234,
   "warm_queries": 25.35315679761234
  },
  "prewarmQueries": true
 }
}