{
 "ResultFormatVersion": "0.1",
 "RunnerConfig": {
  "DBName": "benchmark_small",
  "Limit": 0,
  "LimitRPS": 0,
  "MemProfile": "",
  "HDRLatenciesFile": "",
  "Workers": 12,
  "PrintResponses": false,
  "Debug": 0,
  "FileName": "",
  "BurnIn": 0,
  "PrintInterval": 100,
  "PrewarmQueries": true,
  "ResultsFile": "/opt/cluster_performance/query_1_node/ten_queries/timescaledb/small/timescaledb-queries-long-driving-sessions-small-10-queries.json"
 },
 "StartTime": 1646416038000,
 "EndTime": 1646416122000,
 "DurationMillis": 83597,
 "Totals": {
  "burnIn": 0,
  "limit": 0,
  "overallQuantiles": {
   "TimescaleDB_trucks_with_longer_driving_sessions": {
    "q0": 0,
    "q100": 44554.239,
    "q50": 39843.839,
    "q95": 43249.663,
    "q99": 44554.239,
    "q999": 44554.239
   },
   "all_queries": {
    "q0": 0,
    "q100": 44554.239,
    "q50": 39843.839,
    "q95": 43249.663,
    "q99": 44554.239,
    "q999": 44554.239
   },
   "cold_queries": {
    "q0": 0,
    "q100": 44554.239,
    "q50": 41261.055,
    "q95": 44554.239,
    "q99": 44554.239,
    "q999": 44554.239
   },
   "warm_queries": {
    "q0": 0,
    "q100": 40390.655,
    "q50": 39411.711,
    "q95": 40390.655,
    "q99": 40390.655,
    "q999": 40390.655
   }
  },
  "overallQueryRates": {
   "TimescaleDB_trucks_with_longer_driving_sessions": 0.2392642046687062,
   "all_queries": 0.2392642046687062,
   "cold_queries": 0.1196321023343531,
   "warm_queries": 0.1196321023343531
  },
  "prewarmQueries": true
 }
}