{
 "ResultFormatVersion": "0.1",
 "RunnerConfig": {
  "DBName": "benchmark_small",
  "Limit": 0,
  "LimitRPS": 0,
  "MemProfile": "",
  "HDRLatenciesFile": "",
  "Workers": 12,
  "PrintResponses": false,
  "Debug": 0,
  "FileName": "",
  "BurnIn": 0,
  "PrintInterval": 100,
  "PrewarmQueries": true,
  "ResultsFile": "/opt/cluster_performance/query_1_node/ten_queries/timescaledb/small/timescaledb-queries-daily-activity-small-10-queries.json"
 },
 "StartTime": 1646415818000,
 "EndTime": 1646415833000,
 "DurationMillis": 14914,
 "Totals": {
  "burnIn": 0,
  "limit": 0,
  "overallQuantiles": {
   "TimescaleDB_daily_truck_activity_per_fleet_per_model": {
    "q0": 0,
    "q100": 9805.823,
    "q50": 5449.983,
    "q95": 9732.607,
    "q99": 9805.823,
    "q999": 9805.823
   },
   "all_queries": {
    "q0": 0,
    "q100": 9805.823,
    "q50": 5449.983,
    "q95": 9732.607,
    "q99": 9805.823,
    "q999": 9805.823
   },
   "cold_queries": {
    "q0": 0,
    "q100": 9805.823,
    "q50": 8974.847,
    "q95": 9805.823,
    "q99": 9805.823,
    "q999": 9805.823
   },
   "warm_queries": {
    "q0": 0,
    "q100": 5730.047,
    "q50": 5247.999,
    "q95": 5730.047,
    "q99": 5730.047,
    "q999": 5730.047
   }
  },
  "overallQueryRates": {
   "TimescaleDB_daily_truck_activity_per_fleet_per_model": 1.3418789732784797,
   "all_queries": 1.3418789732784797,
   "cold_queries": 0.6709394866392399,
   "warm_queries": 0.6709394866392399
  },
  "prewarmQueries": true
 }
}